{"v":"4.13.0","fr":29.9700012207031,"ip":0,"op":89.0000036250443,"w":680,"h":680,"nm":"wifi","ddd":0,"assets":[{"id":"comp_0","layers":[{"ddd":0,"ind":1,"ty":4,"nm":"形状图层 1","sr":1,"ks":{"o":{"a":0,"k":100,"ix":11},"r":{"a":0,"k":0,"ix":10},"p":{"a":0,"k":[339.75,462.565,0],"ix":2},"a":{"a":0,"k":[339.75,462.565,0],"ix":1},"s":{"a":1,"k":[{"i":{"x":[0.4,0.4,0.4],"y":[1,1,1]},"o":{"x":[0.6,0.6,0.6],"y":[0,0,0]},"n":["0p4_1_0p6_0","0p4_1_0p6_0","0p4_1_0p6_0"],"t":0,"s":[0,0,100],"e":[140,140,100]},{"i":{"x":[0.4,0.4,0.4],"y":[1,1,1]},"o":{"x":[0.6,0.6,0.6],"y":[0,0,0]},"n":["0p4_1_0p6_0","0p4_1_0p6_0","0p4_1_0p6_0"],"t":6,"s":[140,140,100],"e":[100,100,100]},{"t":11.0000004480392}],"ix":6}},"ao":0,"shapes":[{"ty":"gr","it":[{"ind":0,"ty":"sh","ix":1,"ks":{"a":0,"k":{"i":[[15.577,0],[0,-15.577],[-15.578,0],[0,15.578]],"o":[[-15.578,0],[0,15.578],[15.577,0],[0,-15.577]],"v":[[0,-28.25],[-28.25,0],[0,28.25],[28.25,0]],"c":true},"ix":2},"nm":"路径 1","mn":"ADBE Vector Shape - Group","hd":false},{"ty":"fl","c":{"a":0,"k":[0.92549020052,0.364705890417,0.329411774874,1],"ix":4},"o":{"a":0,"k":100,"ix":5},"r":1,"nm":"填充 1","mn":"ADBE Vector Graphic - Fill","hd":false},{"ty":"tr","p":{"a":0,"k":[339.75,462.565],"ix":2},"a":{"a":0,"k":[0,0],"ix":1},"s":{"a":0,"k":[100,100],"ix":3},"r":{"a":0,"k":0,"ix":6},"o":{"a":0,"k":100,"ix":7},"sk":{"a":0,"k":0,"ix":4},"sa":{"a":0,"k":0,"ix":5},"nm":"变换"}],"nm":"组 1","np":2,"cix":2,"ix":1,"mn":"ADBE Vector Group","hd":false}],"ip":0,"op":600.000024438501,"st":0,"bm":0},{"ddd":0,"ind":2,"ty":4,"nm":"“图层 6”轮廓 2","td":1,"sr":1,"ks":{"o":{"a":0,"k":100,"ix":11},"r":{"a":0,"k":0,"ix":10},"p":{"a":0,"k":[339.75,462.565,0],"ix":2},"a":{"a":0,"k":[339.75,462.565,0],"ix":1},"s":{"a":0,"k":[100,100,100],"ix":6}},"ao":0,"shapes":[{"ty":"gr","it":[{"ind":0,"ty":"sh","ix":1,"ks":{"a":0,"k":{"i":[[21.091,0],[0,21.091],[-21.091,0],[0,-21.091]],"o":[[-21.091,0],[0,-21.091],[21.091,0],[0,21.091]],"v":[[0,38.25],[-38.25,0],[0,-38.25],[38.25,0]],"c":true},"ix":2},"nm":"路径 1","mn":"ADBE Vector Shape - Group","hd":false},{"ty":"fl","c":{"a":0,"k":[1,1,1,1],"ix":4},"o":{"a":0,"k":100,"ix":5},"r":1,"nm":"填充 1","mn":"ADBE Vector Graphic - Fill","hd":false},{"ty":"tr","p":{"a":0,"k":[339.75,462.565],"ix":2},"a":{"a":0,"k":[0,0],"ix":1},"s":{"a":0,"k":[100,100],"ix":3},"r":{"a":0,"k":0,"ix":6},"o":{"a":0,"k":100,"ix":7},"sk":{"a":0,"k":0,"ix":4},"sa":{"a":0,"k":0,"ix":5},"nm":"变换"}],"nm":"组 2","np":2,"cix":2,"ix":1,"mn":"ADBE Vector Group","hd":false}],"ip":0,"op":600.000024438501,"st":0,"bm":0},{"ddd":0,"ind":3,"ty":4,"nm":"“图层 2”轮廓","tt":2,"sr":1,"ks":{"o":{"a":0,"k":100,"ix":11},"r":{"a":1,"k":[{"i":{"x":[0.32],"y":[1]},"o":{"x":[0.68],"y":[0]},"n":["0p32_1_0p68_0"],"t":17,"s":[-72.681],"e":[21.226]},{"i":{"x":[0.32],"y":[1]},"o":{"x":[0.68],"y":[0]},"n":["0p32_1_0p68_0"],"t":36,"s":[21.226],"e":[-72.681]},{"i":{"x":[0.32],"y":[1]},"o":{"x":[0.68],"y":[0]},"n":["0p32_1_0p68_0"],"t":57,"s":[-72.681],"e":[-4.774]},{"t":87.0000035435826}],"ix":10},"p":{"a":0,"k":[340,464,0],"ix":2},"a":{"a":0,"k":[340,464,0],"ix":1},"s":{"a":0,"k":[100,100,100],"ix":6}},"ao":0,"shapes":[{"ty":"gr","it":[{"ind":0,"ty":"sh","ix":1,"ks":{"a":0,"k":{"i":[[0,0],[0,0]],"o":[[0,0],[0,0]],"v":[[-63.841,132.71],[63.841,-132.71]],"c":false},"ix":2},"nm":"路径 1","mn":"ADBE Vector Shape - Group","hd":false},{"ty":"st","c":{"a":0,"k":[0.925490196078,0.364705882353,0.329411764706,1],"ix":3},"o":{"a":0,"k":100,"ix":4},"w":{"a":0,"k":22,"ix":5},"lc":2,"lj":1,"ml":10,"nm":"描边 1","mn":"ADBE Vector Graphic - Stroke","hd":false},{"ty":"tr","p":{"a":0,"k":[404.796,329.856],"ix":2},"a":{"a":0,"k":[0,0],"ix":1},"s":{"a":0,"k":[100,100],"ix":3},"r":{"a":0,"k":0,"ix":6},"o":{"a":0,"k":100,"ix":7},"sk":{"a":0,"k":0,"ix":4},"sa":{"a":0,"k":0,"ix":5},"nm":"变换"}],"nm":"组 1","np":2,"cix":2,"ix":1,"mn":"ADBE Vector Group","hd":false},{"ty":"tm","s":{"a":0,"k":0,"ix":1},"e":{"a":1,"k":[{"i":{"x":[0.4],"y":[1]},"o":{"x":[0.6],"y":[0]},"n":["0p4_1_0p6_0"],"t":11,"s":[0],"e":[100]},{"t":17.0000006924242}],"ix":2},"o":{"a":0,"k":0,"ix":3},"m":1,"ix":2,"nm":"修剪路径 1","mn":"ADBE Vector Filter - Trim","hd":false}],"ip":0,"op":600.000024438501,"st":0,"bm":0},{"ddd":0,"ind":6,"ty":4,"nm":"“图层 7”轮廓 3","parent":3,"td":1,"sr":1,"ks":{"o":{"a":0,"k":100,"ix":11},"r":{"a":0,"k":0,"ix":10},"p":{"a":0,"k":[340,340,0],"ix":2},"a":{"a":0,"k":[340,340,0],"ix":1},"s":{"a":0,"k":[100,100,100],"ix":6}},"ao":0,"shapes":[{"ty":"gr","it":[{"ind":0,"ty":"sh","ix":1,"ks":{"a":0,"k":{"i":[[8.022,0],[2.867,1.378],[1.855,5.294],[-2.432,5.054],[0,0],[-8.021,0],[-2.866,-1.379],[5.019,-10.435],[0,0]],"o":[[-3.167,0],[-5.057,-2.433],[-1.855,-5.294],[0,0],[3.478,-7.228],[3.169,0],[10.436,5.019],[0,0],[-3.48,7.229]],"v":[[-64.983,153.712],[-74.078,151.635],[-84.794,139.653],[-83.9,123.606],[43.781,-141.814],[62.712,-153.712],[71.807,-151.634],[81.63,-123.608],[-46.051,141.814]],"c":true},"ix":2},"nm":"路径 1","mn":"ADBE Vector Shape - Group","hd":false},{"ty":"fl","c":{"a":0,"k":[1,1,1,1],"ix":4},"o":{"a":0,"k":100,"ix":5},"r":1,"nm":"填充 1","mn":"ADBE Vector Graphic - Fill","hd":false},{"ty":"tr","p":{"a":0,"k":[405.931,329.856],"ix":2},"a":{"a":0,"k":[0,0],"ix":1},"s":{"a":0,"k":[100,100],"ix":3},"r":{"a":0,"k":0,"ix":6},"o":{"a":0,"k":100,"ix":7},"sk":{"a":0,"k":0,"ix":4},"sa":{"a":0,"k":0,"ix":5},"nm":"变换"}],"nm":"组 1","np":2,"cix":2,"ix":1,"mn":"ADBE Vector Group","hd":false}],"ip":0,"op":600.000024438501,"st":0,"bm":0},{"ddd":0,"ind":7,"ty":4,"nm":"“图层 3”轮廓 3","tt":2,"sr":1,"ks":{"o":{"a":0,"k":40,"ix":11},"r":{"a":0,"k":0,"ix":10},"p":{"a":0,"k":[340,340,0],"ix":2},"a":{"a":0,"k":[340,340,0],"ix":1},"s":{"a":0,"k":[100,100,100],"ix":6}},"ao":0,"shapes":[{"ty":"gr","it":[{"ind":0,"ty":"sh","ix":1,"ks":{"a":0,"k":{"i":[[0,0],[-71.625,0],[-45.404,-48.633]],"o":[[45.403,-48.633],[71.626,0],[0,0]],"v":[[-181.676,39.54],[0,-39.54],[181.676,39.54]],"c":false},"ix":2},"nm":"路径 1","mn":"ADBE Vector Shape - Group","hd":false},{"ty":"st","c":{"a":0,"k":[0.925490196078,0.364705882353,0.329411764706,1],"ix":3},"o":{"a":0,"k":100,"ix":4},"w":{"a":0,"k":40,"ix":5},"lc":2,"lj":1,"ml":10,"nm":"描边 1","mn":"ADBE Vector Graphic - Stroke","hd":false},{"ty":"tr","p":{"a":0,"k":[339.75,253.522],"ix":2},"a":{"a":0,"k":[0,0],"ix":1},"s":{"a":0,"k":[100,100],"ix":3},"r":{"a":0,"k":0,"ix":6},"o":{"a":0,"k":100,"ix":7},"sk":{"a":0,"k":0,"ix":4},"sa":{"a":0,"k":0,"ix":5},"nm":"变换"}],"nm":"组 1","np":2,"cix":2,"ix":1,"mn":"ADBE Vector Group","hd":false},{"ty":"gr","it":[{"ind":0,"ty":"sh","ix":1,"ks":{"a":0,"k":{"i":[[0,0],[-48.217,0],[-30.6,-32.706]],"o":[[30.6,-32.706],[48.217,0],[0,0]],"v":[[-122.342,26.588],[0,-26.588],[122.342,26.588]],"c":false},"ix":2},"nm":"路径 1","mn":"ADBE Vector Shape - Group","hd":false},{"ty":"st","c":{"a":0,"k":[0.925490196078,0.364705882353,0.329411764706,1],"ix":3},"o":{"a":0,"k":100,"ix":4},"w":{"a":0,"k":40,"ix":5},"lc":2,"lj":1,"ml":10,"nm":"描边 1","mn":"ADBE Vector Graphic - Stroke","hd":false},{"ty":"tr","p":{"a":0,"k":[339.75,321.588],"ix":2},"a":{"a":0,"k":[0,0],"ix":1},"s":{"a":0,"k":[100,100],"ix":3},"r":{"a":0,"k":0,"ix":6},"o":{"a":0,"k":100,"ix":7},"sk":{"a":0,"k":0,"ix":4},"sa":{"a":0,"k":0,"ix":5},"nm":"变换"}],"nm":"组 2","np":2,"cix":2,"ix":2,"mn":"ADBE Vector Group","hd":false},{"ty":"gr","it":[{"ind":0,"ty":"sh","ix":1,"ks":{"a":0,"k":{"i":[[0,0],[-24.908,0],[-15.858,-16.848]],"o":[[15.858,-16.848],[24.908,0],[0,0]],"v":[[-63.26,13.691],[0,-13.691],[63.261,13.691]],"c":false},"ix":2},"nm":"路径 1","mn":"ADBE Vector Shape - Group","hd":false},{"ty":"st","c":{"a":0,"k":[0.925490196078,0.364705882353,0.329411764706,1],"ix":3},"o":{"a":0,"k":100,"ix":4},"w":{"a":0,"k":40,"ix":5},"lc":2,"lj":1,"ml":10,"nm":"描边 1","mn":"ADBE Vector Graphic - Stroke","hd":false},{"ty":"tr","p":{"a":0,"k":[339.75,389.364],"ix":2},"a":{"a":0,"k":[0,0],"ix":1},"s":{"a":0,"k":[100,100],"ix":3},"r":{"a":0,"k":0,"ix":6},"o":{"a":0,"k":100,"ix":7},"sk":{"a":0,"k":0,"ix":4},"sa":{"a":0,"k":0,"ix":5},"nm":"变换"}],"nm":"组 3","np":2,"cix":2,"ix":3,"mn":"ADBE Vector Group","hd":false},{"ty":"tm","s":{"a":0,"k":0,"ix":1},"e":{"a":1,"k":[{"i":{"x":[0.32],"y":[1]},"o":{"x":[0.68],"y":[0]},"n":["0p32_1_0p68_0"],"t":17,"s":[0],"e":[100]},{"i":{"x":[0.32],"y":[1]},"o":{"x":[0.68],"y":[0]},"n":["0p32_1_0p68_0"],"t":36,"s":[100],"e":[0]},{"i":{"x":[0.32],"y":[1]},"o":{"x":[0.68],"y":[0]},"n":["0p32_1_0p68_0"],"t":57,"s":[0],"e":[71]},{"t":87.0000035435826}],"ix":2},"o":{"a":0,"k":0,"ix":3},"m":1,"ix":4,"nm":"修剪路径 1","mn":"ADBE Vector Filter - Trim","hd":false}],"ip":57.0000023216576,"op":600.000024438501,"st":0,"bm":0},{"ddd":0,"ind":8,"ty":4,"nm":"“图层 7”轮廓","parent":3,"td":1,"sr":1,"ks":{"o":{"a":0,"k":100,"ix":11},"r":{"a":0,"k":0,"ix":10},"p":{"a":0,"k":[340,340,0],"ix":2},"a":{"a":0,"k":[340,340,0],"ix":1},"s":{"a":0,"k":[100,100,100],"ix":6}},"ao":0,"shapes":[{"ty":"gr","it":[{"ind":0,"ty":"sh","ix":1,"ks":{"a":0,"k":{"i":[[8.022,0],[2.867,1.378],[1.855,5.294],[-2.432,5.054],[0,0],[-8.021,0],[-2.866,-1.379],[5.019,-10.435],[0,0]],"o":[[-3.167,0],[-5.057,-2.433],[-1.855,-5.294],[0,0],[3.478,-7.228],[3.169,0],[10.436,5.019],[0,0],[-3.48,7.229]],"v":[[-64.983,153.712],[-74.078,151.635],[-84.794,139.653],[-83.9,123.606],[43.781,-141.814],[62.712,-153.712],[71.807,-151.634],[81.63,-123.608],[-46.051,141.814]],"c":true},"ix":2},"nm":"路径 1","mn":"ADBE Vector Shape - Group","hd":false},{"ty":"fl","c":{"a":0,"k":[1,1,1,1],"ix":4},"o":{"a":0,"k":100,"ix":5},"r":1,"nm":"填充 1","mn":"ADBE Vector Graphic - Fill","hd":false},{"ty":"tr","p":{"a":0,"k":[405.931,329.856],"ix":2},"a":{"a":0,"k":[0,0],"ix":1},"s":{"a":0,"k":[100,100],"ix":3},"r":{"a":0,"k":0,"ix":6},"o":{"a":0,"k":100,"ix":7},"sk":{"a":0,"k":0,"ix":4},"sa":{"a":0,"k":0,"ix":5},"nm":"变换"}],"nm":"组 1","np":2,"cix":2,"ix":1,"mn":"ADBE Vector Group","hd":false}],"ip":0,"op":600.000024438501,"st":0,"bm":0},{"ddd":0,"ind":9,"ty":4,"nm":"“图层 3”轮廓","tt":2,"sr":1,"ks":{"o":{"a":0,"k":100,"ix":11},"r":{"a":0,"k":0,"ix":10},"p":{"a":0,"k":[340,340,0],"ix":2},"a":{"a":0,"k":[340,340,0],"ix":1},"s":{"a":0,"k":[100,100,100],"ix":6}},"ao":0,"shapes":[{"ty":"gr","it":[{"ind":0,"ty":"sh","ix":1,"ks":{"a":0,"k":{"i":[[0,0],[-71.625,0],[-45.404,-48.633]],"o":[[45.403,-48.633],[71.626,0],[0,0]],"v":[[-181.676,39.54],[0,-39.54],[181.676,39.54]],"c":false},"ix":2},"nm":"路径 1","mn":"ADBE Vector Shape - Group","hd":false},{"ty":"st","c":{"a":0,"k":[0.164705882353,0.164705882353,0.164705882353,1],"ix":3},"o":{"a":0,"k":100,"ix":4},"w":{"a":0,"k":40,"ix":5},"lc":2,"lj":1,"ml":10,"nm":"描边 1","mn":"ADBE Vector Graphic - Stroke","hd":false},{"ty":"tr","p":{"a":0,"k":[339.75,253.522],"ix":2},"a":{"a":0,"k":[0,0],"ix":1},"s":{"a":0,"k":[100,100],"ix":3},"r":{"a":0,"k":0,"ix":6},"o":{"a":0,"k":100,"ix":7},"sk":{"a":0,"k":0,"ix":4},"sa":{"a":0,"k":0,"ix":5},"nm":"变换"}],"nm":"组 1","np":2,"cix":2,"ix":1,"mn":"ADBE Vector Group","hd":false},{"ty":"gr","it":[{"ind":0,"ty":"sh","ix":1,"ks":{"a":0,"k":{"i":[[0,0],[-48.217,0],[-30.6,-32.706]],"o":[[30.6,-32.706],[48.217,0],[0,0]],"v":[[-122.342,26.588],[0,-26.588],[122.342,26.588]],"c":false},"ix":2},"nm":"路径 1","mn":"ADBE Vector Shape - Group","hd":false},{"ty":"st","c":{"a":0,"k":[0.164705882353,0.164705882353,0.164705882353,1],"ix":3},"o":{"a":0,"k":100,"ix":4},"w":{"a":0,"k":40,"ix":5},"lc":2,"lj":1,"ml":10,"nm":"描边 1","mn":"ADBE Vector Graphic - Stroke","hd":false},{"ty":"tr","p":{"a":0,"k":[339.75,321.588],"ix":2},"a":{"a":0,"k":[0,0],"ix":1},"s":{"a":0,"k":[100,100],"ix":3},"r":{"a":0,"k":0,"ix":6},"o":{"a":0,"k":100,"ix":7},"sk":{"a":0,"k":0,"ix":4},"sa":{"a":0,"k":0,"ix":5},"nm":"变换"}],"nm":"组 2","np":2,"cix":2,"ix":2,"mn":"ADBE Vector Group","hd":false},{"ty":"gr","it":[{"ind":0,"ty":"sh","ix":1,"ks":{"a":0,"k":{"i":[[0,0],[-24.908,0],[-15.858,-16.848]],"o":[[15.858,-16.848],[24.908,0],[0,0]],"v":[[-63.26,13.691],[0,-13.691],[63.261,13.691]],"c":false},"ix":2},"nm":"路径 1","mn":"ADBE Vector Shape - Group","hd":false},{"ty":"st","c":{"a":0,"k":[0.164705882353,0.164705882353,0.164705882353,1],"ix":3},"o":{"a":0,"k":100,"ix":4},"w":{"a":0,"k":40,"ix":5},"lc":2,"lj":1,"ml":10,"nm":"描边 1","mn":"ADBE Vector Graphic - Stroke","hd":false},{"ty":"tr","p":{"a":0,"k":[339.75,389.364],"ix":2},"a":{"a":0,"k":[0,0],"ix":1},"s":{"a":0,"k":[100,100],"ix":3},"r":{"a":0,"k":0,"ix":6},"o":{"a":0,"k":100,"ix":7},"sk":{"a":0,"k":0,"ix":4},"sa":{"a":0,"k":0,"ix":5},"nm":"变换"}],"nm":"组 3","np":2,"cix":2,"ix":3,"mn":"ADBE Vector Group","hd":false},{"ty":"tm","s":{"a":0,"k":0,"ix":1},"e":{"a":1,"k":[{"i":{"x":[0.32],"y":[1]},"o":{"x":[0.68],"y":[0]},"n":["0p32_1_0p68_0"],"t":17,"s":[0],"e":[100]},{"i":{"x":[0.32],"y":[1]},"o":{"x":[0.68],"y":[0]},"n":["0p32_1_0p68_0"],"t":36,"s":[100],"e":[0]},{"i":{"x":[0.32],"y":[1]},"o":{"x":[0.68],"y":[0]},"n":["0p32_1_0p68_0"],"t":57,"s":[0],"e":[71]},{"t":87.0000035435826}],"ix":2},"o":{"a":0,"k":0,"ix":3},"m":1,"ix":4,"nm":"修剪路径 1","mn":"ADBE Vector Filter - Trim","hd":false}],"ip":0,"op":57.0000023216576,"st":0,"bm":0},{"ddd":0,"ind":11,"ty":4,"nm":"“图层 7”轮廓 2","parent":3,"td":1,"sr":1,"ks":{"o":{"a":0,"k":100,"ix":11},"r":{"a":0,"k":0,"ix":10},"p":{"a":0,"k":[340,340,0],"ix":2},"a":{"a":0,"k":[340,340,0],"ix":1},"s":{"a":0,"k":[100,100,100],"ix":6}},"ao":0,"shapes":[{"ty":"gr","it":[{"ind":0,"ty":"sh","ix":1,"ks":{"a":0,"k":{"i":[[8.022,0],[2.867,1.378],[1.855,5.294],[-2.432,5.054],[0,0],[-8.021,0],[-2.866,-1.379],[5.019,-10.435],[0,0]],"o":[[-3.167,0],[-5.057,-2.433],[-1.855,-5.294],[0,0],[3.478,-7.228],[3.169,0],[10.436,5.019],[0,0],[-3.48,7.229]],"v":[[-64.983,153.712],[-74.078,151.635],[-84.794,139.653],[-83.9,123.606],[43.781,-141.814],[62.712,-153.712],[71.807,-151.634],[81.63,-123.608],[-46.051,141.814]],"c":true},"ix":2},"nm":"路径 1","mn":"ADBE Vector Shape - Group","hd":false},{"ty":"fl","c":{"a":0,"k":[1,1,1,1],"ix":4},"o":{"a":0,"k":100,"ix":5},"r":1,"nm":"填充 1","mn":"ADBE Vector Graphic - Fill","hd":false},{"ty":"tr","p":{"a":0,"k":[405.931,329.856],"ix":2},"a":{"a":0,"k":[0,0],"ix":1},"s":{"a":0,"k":[100,100],"ix":3},"r":{"a":0,"k":0,"ix":6},"o":{"a":0,"k":100,"ix":7},"sk":{"a":0,"k":0,"ix":4},"sa":{"a":0,"k":0,"ix":5},"nm":"变换"}],"nm":"组 1","np":2,"cix":2,"ix":1,"mn":"ADBE Vector Group","hd":false}],"ip":0,"op":600.000024438501,"st":0,"bm":0},{"ddd":0,"ind":12,"ty":4,"nm":"“图层 3”轮廓 2","tt":2,"sr":1,"ks":{"o":{"a":0,"k":100,"ix":11},"r":{"a":0,"k":0,"ix":10},"p":{"a":0,"k":[340,340,0],"ix":2},"a":{"a":0,"k":[340,340,0],"ix":1},"s":{"a":0,"k":[100,100,100],"ix":6}},"ao":0,"shapes":[{"ty":"gr","it":[{"ind":0,"ty":"sh","ix":1,"ks":{"a":0,"k":{"i":[[0,0],[71.626,0],[45.403,-48.633]],"o":[[-45.404,-48.633],[-71.625,0],[0,0]],"v":[[181.676,39.54],[0,-39.54],[-181.676,39.54]],"c":false},"ix":2},"nm":"路径 1","mn":"ADBE Vector Shape - Group","hd":false},{"ty":"st","c":{"a":0,"k":[0.925490196078,0.364705882353,0.329411764706,1],"ix":3},"o":{"a":0,"k":100,"ix":4},"w":{"a":0,"k":40,"ix":5},"lc":2,"lj":1,"ml":10,"nm":"描边 1","mn":"ADBE Vector Graphic - Stroke","hd":false},{"ty":"tr","p":{"a":0,"k":[339.75,253.522],"ix":2},"a":{"a":0,"k":[0,0],"ix":1},"s":{"a":0,"k":[100,100],"ix":3},"r":{"a":0,"k":0,"ix":6},"o":{"a":0,"k":100,"ix":7},"sk":{"a":0,"k":0,"ix":4},"sa":{"a":0,"k":0,"ix":5},"nm":"变换"}],"nm":"组 1","np":2,"cix":2,"ix":1,"mn":"ADBE Vector Group","hd":false},{"ty":"gr","it":[{"ind":0,"ty":"sh","ix":1,"ks":{"a":0,"k":{"i":[[0,0],[48.217,0],[30.6,-32.706]],"o":[[-30.6,-32.706],[-48.217,0],[0,0]],"v":[[122.342,26.588],[0,-26.588],[-122.342,26.588]],"c":false},"ix":2},"nm":"路径 1","mn":"ADBE Vector Shape - Group","hd":false},{"ty":"st","c":{"a":0,"k":[0.925490196078,0.364705882353,0.329411764706,1],"ix":3},"o":{"a":0,"k":100,"ix":4},"w":{"a":0,"k":40,"ix":5},"lc":2,"lj":1,"ml":10,"nm":"描边 1","mn":"ADBE Vector Graphic - Stroke","hd":false},{"ty":"tr","p":{"a":0,"k":[339.75,321.588],"ix":2},"a":{"a":0,"k":[0,0],"ix":1},"s":{"a":0,"k":[100,100],"ix":3},"r":{"a":0,"k":0,"ix":6},"o":{"a":0,"k":100,"ix":7},"sk":{"a":0,"k":0,"ix":4},"sa":{"a":0,"k":0,"ix":5},"nm":"变换"}],"nm":"组 2","np":2,"cix":2,"ix":2,"mn":"ADBE Vector Group","hd":false},{"ty":"gr","it":[{"ind":0,"ty":"sh","ix":1,"ks":{"a":0,"k":{"i":[[0,0],[24.908,0],[15.858,-16.848]],"o":[[-15.858,-16.848],[-24.908,0],[0,0]],"v":[[63.261,13.691],[0,-13.691],[-63.26,13.691]],"c":false},"ix":2},"nm":"路径 1","mn":"ADBE Vector Shape - Group","hd":false},{"ty":"st","c":{"a":0,"k":[0.925490196078,0.364705882353,0.329411764706,1],"ix":3},"o":{"a":0,"k":100,"ix":4},"w":{"a":0,"k":40,"ix":5},"lc":2,"lj":1,"ml":10,"nm":"描边 1","mn":"ADBE Vector Graphic - Stroke","hd":false},{"ty":"tr","p":{"a":0,"k":[339.75,389.364],"ix":2},"a":{"a":0,"k":[0,0],"ix":1},"s":{"a":0,"k":[100,100],"ix":3},"r":{"a":0,"k":0,"ix":6},"o":{"a":0,"k":100,"ix":7},"sk":{"a":0,"k":0,"ix":4},"sa":{"a":0,"k":0,"ix":5},"nm":"变换"}],"nm":"组 3","np":2,"cix":2,"ix":3,"mn":"ADBE Vector Group","hd":false},{"ty":"tm","s":{"a":0,"k":0,"ix":1},"e":{"a":1,"k":[{"i":{"x":[0.32],"y":[1]},"o":{"x":[0.68],"y":[0]},"n":["0p32_1_0p68_0"],"t":36,"s":[0],"e":[100]},{"i":{"x":[0.32],"y":[1]},"o":{"x":[0.68],"y":[0]},"n":["0p32_1_0p68_0"],"t":57,"s":[100],"e":[25]},{"t":87.0000035435826}],"ix":2},"o":{"a":0,"k":0,"ix":3},"m":1,"ix":4,"nm":"修剪路径 1","mn":"ADBE Vector Filter - Trim","hd":false}],"ip":36.0000014663101,"op":649.000026434312,"st":49.0000019958109,"bm":0}]}],"layers":[{"ddd":0,"ind":1,"ty":0,"nm":"预合成 1","refId":"comp_0","sr":1,"ks":{"o":{"a":0,"k":100,"ix":11},"r":{"a":0,"k":0,"ix":10},"p":{"a":0,"k":[340,340,0],"ix":2},"a":{"a":0,"k":[340,340,0],"ix":1},"s":{"a":0,"k":[80,80,100],"ix":6}},"ao":0,"w":680,"h":680,"ip":0,"op":600.000024438501,"st":0,"bm":0}]}