{"v":"5.5.7","meta":{"g":"LottieFiles AE 0.1.20","a":"","k":"","d":"","tc":""},"fr":15,"ip":21,"op":75,"w":256,"h":256,"nm":"Locked Card - 30 Frames (Working) - Smooth Easing","ddd":0,"assets":[],"layers":[{"ddd":0,"ind":2,"ty":4,"nm":"Card Design (Updated)[Original Animation]","sr":1,"ks":{"o":{"a":0,"k":100,"ix":11},"r":{"a":0,"k":0,"ix":10},"p":{"a":0,"k":[128,128,0],"ix":2},"a":{"a":0,"k":[127.316,114.965,0],"ix":1},"s":{"a":0,"k":[100,100,100],"ix":6}},"ao":0,"shapes":[{"ty":"gr","it":[{"ind":0,"ty":"sh","ix":1,"ks":{"a":0,"k":{"i":[[0,0],[0,0],[4.418,0],[0,0],[0,0]],"o":[[0,0],[0,4.418],[0,0],[0,0],[0,0]],"v":[[20.344,-15.016],[20.344,8.984],[12.344,16.984],[10.344,16.984],[-21.656,16.984]],"c":false},"ix":2},"nm":"Path 1","mn":"ADBE Vector Shape - Group","hd":false},{"ty":"st","c":{"a":0,"k":[0.8627450980392157,0.20784313725490197,0.27058823529411763,1],"ix":3},"o":{"a":0,"k":100,"ix":4},"w":{"a":1,"k":[{"i":{"x":[0.667],"y":[1]},"o":{"x":[0.333],"y":[0]},"t":46,"s":[6]},{"i":{"x":[0.833],"y":[1]},"o":{"x":[0.333],"y":[0]},"t":59,"s":[0]},{"i":{"x":[0.833],"y":[1]},"o":{"x":[0.167],"y":[0]},"t":85,"s":[0]},{"t":99,"s":[6]}],"ix":5},"lc":2,"lj":1,"ml":10,"bm":0,"nm":"Stroke 1","mn":"ADBE Vector Graphic - Stroke","hd":false},{"ty":"tm","s":{"a":1,"k":[{"i":{"x":[0.02],"y":[1]},"o":{"x":[0.861],"y":[0]},"t":31,"s":[54]},{"i":{"x":[0.16],"y":[1]},"o":{"x":[0.167],"y":[0]},"t":59,"s":[31]},{"i":{"x":[0.139],"y":[1]},"o":{"x":[0.98],"y":[0]},"t":86,"s":[31]},{"t":115,"s":[54]}],"ix":1},"e":{"a":1,"k":[{"i":{"x":[0.02],"y":[1]},"o":{"x":[0.771],"y":[0]},"t":31,"s":[100]},{"i":{"x":[0.16],"y":[1]},"o":{"x":[0.167],"y":[0]},"t":60,"s":[32]},{"i":{"x":[0.229],"y":[1]},"o":{"x":[0.98],"y":[0]},"t":85,"s":[32]},{"t":115,"s":[100]}],"ix":2},"o":{"a":0,"k":0,"ix":3},"m":1,"ix":3,"nm":"Trim Paths (Original)","mn":"ADBE Vector Filter - Trim","hd":false},{"ty":"tr","p":{"a":0,"k":[107,120],"ix":2},"a":{"a":0,"k":[0,0],"ix":1},"s":{"a":0,"k":[100,100],"ix":3},"r":{"a":0,"k":0,"ix":6},"o":{"a":0,"k":100,"ix":7},"sk":{"a":0,"k":0,"ix":4},"sa":{"a":0,"k":0,"ix":5},"nm":"Transform"}],"nm":"Name Curve (8px Corner Radius)","np":3,"cix":2,"bm":0,"ix":1,"mn":"ADBE Vector Group","hd":false},{"ty":"gr","it":[{"ind":0,"ty":"sh","ix":1,"ks":{"a":1,"k":[{"i":{"x":0.02,"y":1},"o":{"x":0.84,"y":0},"t":30,"s":[{"i":[[2.169,0],[0,0],[0,2.169],[0,0],[-2.22,0],[0,0],[0,-2.22],[0,0]],"o":[[0,0],[-2.251,0],[0,0],[0,-2.22],[0,0],[2.2,0],[0,0],[0,2.184]],"v":[[7.34,7.972],[-8.66,7.972],[-12.691,4.004],[-12.691,-6.028],[-8.691,-10.028],[7.309,-10.028],[11.309,-6.028],[11.309,3.988]],"c":true}]},{"i":{"x":0.16,"y":1},"o":{"x":0.167,"y":0},"t":60,"s":[{"i":[[0,-1.656],[1.086,-1.086],[1.657,0],[1.086,1.086],[0,1.656],[-1.086,1.086],[-1.657,0],[-1.086,-1.086]],"o":[[0,1.656],[-1.086,1.086],[-1.657,0],[-1.086,-1.086],[0,-1.656],[1.086,-1.086],[1.657,0],[1.086,1.086]],"v":[[38.344,27.004],[36.586,31.246],[32.344,33.004],[28.102,31.246],[26.344,27.004],[28.102,22.762],[32.344,21.004],[36.586,22.762]],"c":true}]},{"i":{"x":0.16,"y":1},"o":{"x":0.98,"y":0},"t":85,"s":[{"i":[[0,-1.656],[1.086,-1.086],[1.657,0],[1.086,1.086],[0,1.656],[-1.086,1.086],[-1.657,0],[-1.086,-1.086]],"o":[[0,1.656],[-1.086,1.086],[-1.657,0],[-1.086,-1.086],[0,-1.656],[1.086,-1.086],[1.657,0],[1.086,1.086]],"v":[[38.344,27.004],[36.586,31.246],[32.344,33.004],[28.102,31.246],[26.344,27.004],[28.102,22.762],[32.344,21.004],[36.586,22.762]],"c":true}]},{"t":115,"s":[{"i":[[2.169,0],[0,0],[0,2.169],[0,0],[-2.22,0],[0,0],[0,-2.22],[0,0]],"o":[[0,0],[-2.251,0],[0,0],[0,-2.22],[0,0],[2.2,0],[0,0],[0,2.184]],"v":[[7.34,8],[-8.66,8],[-12.691,4.031],[-12.691,-6],[-8.691,-10],[7.309,-10],[11.309,-6],[11.309,4.016]],"c":true}]}],"ix":2},"nm":"Path 1","mn":"ADBE Vector Shape - Group","hd":false},{"ty":"fl","c":{"a":0,"k":[0.8627450980392157,0.20784313725490197,0.27058823529411763,1],"ix":4},"o":{"a":0,"k":100,"ix":5},"r":1,"bm":0,"nm":"Fill 1","mn":"ADBE Vector Graphic - Fill","hd":false},{"ty":"tr","p":{"a":0,"k":[95,100],"ix":2},"a":{"a":0,"k":[0,0],"ix":1},"s":{"a":0,"k":[100,100],"ix":3},"r":{"a":0,"k":0,"ix":6},"o":{"a":0,"k":100,"ix":7},"sk":{"a":0,"k":0,"ix":4},"sa":{"a":0,"k":0,"ix":5},"nm":"Transform"}],"nm":"Card Chip_Original","np":2,"cix":2,"bm":0,"ix":2,"mn":"ADBE Vector Group","hd":false},{"ty":"gr","it":[{"ty":"gr","it":[{"ind":0,"ty":"sh","ix":1,"ks":{"a":1,"k":[{"i":{"x":0.993,"y":0.99},"o":{"x":0.98,"y":0},"t":30,"s":[{"i":[[0,0],[0,0]],"o":[[0,0],[0,0]],"v":[[-6.628,-1.028],[5.372,-1.028]],"c":false}]},{"i":{"x":0.993,"y":0.99},"o":{"x":0.167,"y":0},"t":43,"s":[{"i":[[0,0],[0,0]],"o":[[0,0],[0,0]],"v":[[-0.01,-1.016],[-0.01,-1.016]],"c":false}]},{"i":{"x":0.02,"y":1},"o":{"x":0,"y":0},"t":101,"s":[{"i":[[0,0],[0,0]],"o":[[0,0],[0,0]],"v":[[-0.01,-1.016],[-0.01,-1.016]],"c":false}]},{"t":115,"s":[{"i":[[0,0],[0,0]],"o":[[0,0],[0,0]],"v":[[-6.681,-1.031],[5.3,-1.031]],"c":false}]}],"ix":2},"nm":"Path 1","mn":"ADBE Vector Shape - Group","hd":false},{"ty":"st","c":{"a":0,"k":[0.8627450980392157,0.20784313725490197,0.27058823529411763,1],"ix":3},"o":{"a":1,"k":[{"i":{"x":[0.667],"y":[1]},"o":{"x":[0.333],"y":[0]},"t":42,"s":[100]},{"i":{"x":[0.708],"y":[1]},"o":{"x":[0.158],"y":[0]},"t":43,"s":[0]},{"i":{"x":[0.771],"y":[1]},"o":{"x":[0.424],"y":[0]},"t":101,"s":[0]},{"t":102,"s":[100]}],"ix":4},"w":{"a":1,"k":[{"i":{"x":[0.667],"y":[1]},"o":{"x":[0.333],"y":[0]},"t":41,"s":[6]},{"i":{"x":[0.708],"y":[1]},"o":{"x":[0.158],"y":[0]},"t":43,"s":[3]},{"i":{"x":[0.771],"y":[1]},"o":{"x":[0.424],"y":[0]},"t":101,"s":[3]},{"t":103,"s":[6]}],"ix":5},"lc":2,"lj":1,"ml":10,"bm":0,"nm":"Stroke 1","mn":"ADBE Vector Graphic - Stroke","hd":false},{"ty":"tr","p":{"a":0,"k":[92,124],"ix":2},"a":{"a":0,"k":[0,0],"ix":1},"s":{"a":0,"k":[100,100],"ix":3},"r":{"a":0,"k":0,"ix":6},"o":{"a":0,"k":100,"ix":7},"sk":{"a":0,"k":0,"ix":4},"sa":{"a":0,"k":0,"ix":5},"nm":"Transform"}],"nm":"Line 1","np":2,"cix":2,"bm":0,"ix":1,"mn":"ADBE Vector Group","hd":false},{"ty":"gr","it":[{"ind":0,"ty":"sh","ix":1,"ks":{"a":1,"k":[{"i":{"x":0.993,"y":0.99},"o":{"x":0.98,"y":0},"t":30,"s":[{"i":[[0,0],[0,0]],"o":[[0,0],[0,0]],"v":[[-6.691,-1.031],[5.309,-1.031]],"c":false}]},{"i":{"x":0.993,"y":0.99},"o":{"x":0.167,"y":0},"t":43,"s":[{"i":[[0,0],[0,0]],"o":[[0,0],[0,0]],"v":[[-0.01,-1],[-0.01,-0.984]],"c":false}]},{"i":{"x":0.02,"y":1},"o":{"x":0,"y":0},"t":101,"s":[{"i":[[0,0],[0,0]],"o":[[0,0],[0,0]],"v":[[-0.01,-1],[-0.01,-0.984]],"c":false}]},{"t":115,"s":[{"i":[[0,0],[0,0]],"o":[[0,0],[0,0]],"v":[[-6.681,-1.031],[5.3,-1.031]],"c":false}]}],"ix":2},"nm":"Path 1","mn":"ADBE Vector Shape - Group","hd":false},{"ty":"st","c":{"a":0,"k":[0.8627450980392157,0.20784313725490197,0.27058823529411763,1],"ix":3},"o":{"a":1,"k":[{"i":{"x":[0.667],"y":[1]},"o":{"x":[0.333],"y":[0]},"t":42,"s":[100]},{"i":{"x":[0.708],"y":[1]},"o":{"x":[0.158],"y":[0]},"t":43,"s":[0]},{"i":{"x":[0.771],"y":[1]},"o":{"x":[0.424],"y":[0]},"t":101,"s":[0]},{"t":102,"s":[100]}],"ix":4},"w":{"a":1,"k":[{"i":{"x":[0.667],"y":[1]},"o":{"x":[0.333],"y":[0]},"t":41,"s":[6]},{"i":{"x":[0.708],"y":[1]},"o":{"x":[0.158],"y":[0]},"t":43,"s":[3]},{"i":{"x":[0.771],"y":[1]},"o":{"x":[0.424],"y":[0]},"t":101,"s":[3]},{"t":103,"s":[6]}],"ix":5},"lc":2,"lj":1,"ml":10,"bm":0,"nm":"Stroke 1","mn":"ADBE Vector Graphic - Stroke","hd":false},{"ty":"tr","p":{"a":0,"k":[116,124],"ix":2},"a":{"a":0,"k":[0,0],"ix":1},"s":{"a":0,"k":[100,100],"ix":3},"r":{"a":0,"k":0,"ix":6},"o":{"a":0,"k":100,"ix":7},"sk":{"a":0,"k":0,"ix":4},"sa":{"a":0,"k":0,"ix":5},"nm":"Transform"}],"nm":"Line 2","np":2,"cix":2,"bm":0,"ix":2,"mn":"ADBE Vector Group","hd":false},{"ty":"gr","it":[{"ind":0,"ty":"sh","ix":1,"ks":{"a":1,"k":[{"i":{"x":0.993,"y":0.99},"o":{"x":0.98,"y":0},"t":30,"s":[{"i":[[0,0],[0,0]],"o":[[0,0],[0,0]],"v":[[-6.691,-1.031],[5.309,-1.031]],"c":false}]},{"i":{"x":0.993,"y":0.99},"o":{"x":0.167,"y":0},"t":43,"s":[{"i":[[0,0],[0,0]],"o":[[0,0],[0,0]],"v":[[-0.01,-1],[-0.01,-0.984]],"c":false}]},{"i":{"x":0.02,"y":1},"o":{"x":0,"y":0},"t":101,"s":[{"i":[[0,0],[0,0]],"o":[[0,0],[0,0]],"v":[[-0.01,-1],[-0.01,-0.984]],"c":false}]},{"t":115,"s":[{"i":[[0,0],[0,0]],"o":[[0,0],[0,0]],"v":[[-6.681,-1.031],[5.3,-1.031]],"c":false}]}],"ix":2},"nm":"Path 1","mn":"ADBE Vector Shape - Group","hd":false},{"ty":"st","c":{"a":0,"k":[0.8627450980392157,0.20784313725490197,0.27058823529411763,1],"ix":3},"o":{"a":1,"k":[{"i":{"x":[0.667],"y":[1]},"o":{"x":[0.333],"y":[0]},"t":42,"s":[100]},{"i":{"x":[0.708],"y":[1]},"o":{"x":[0.158],"y":[0]},"t":43,"s":[0]},{"i":{"x":[0.771],"y":[1]},"o":{"x":[0.424],"y":[0]},"t":101,"s":[0]},{"t":102,"s":[100]}],"ix":4},"w":{"a":1,"k":[{"i":{"x":[0.667],"y":[1]},"o":{"x":[0.333],"y":[0]},"t":41,"s":[6]},{"i":{"x":[0.708],"y":[1]},"o":{"x":[0.158],"y":[0]},"t":43,"s":[3]},{"i":{"x":[0.771],"y":[1]},"o":{"x":[0.424],"y":[0]},"t":101,"s":[3]},{"t":103,"s":[6]}],"ix":5},"lc":2,"lj":1,"ml":10,"bm":0,"nm":"Stroke 1","mn":"ADBE Vector Graphic - Stroke","hd":false},{"ty":"tr","p":{"a":0,"k":[140,124],"ix":2},"a":{"a":0,"k":[0,0],"ix":1},"s":{"a":0,"k":[100,100],"ix":3},"r":{"a":0,"k":0,"ix":6},"o":{"a":0,"k":100,"ix":7},"sk":{"a":0,"k":0,"ix":4},"sa":{"a":0,"k":0,"ix":5},"nm":"Transform"}],"nm":"Line 3","np":2,"cix":2,"bm":0,"ix":3,"mn":"ADBE Vector Group","hd":false},{"ty":"gr","it":[{"ind":0,"ty":"sh","ix":1,"ks":{"a":1,"k":[{"i":{"x":0.993,"y":0.99},"o":{"x":0.98,"y":0},"t":30,"s":[{"i":[[0,0],[0,0]],"o":[[0,0],[0,0]],"v":[[-6.691,-1.028],[5.309,-1.028]],"c":false}]},{"i":{"x":0.993,"y":0.99},"o":{"x":0.167,"y":0},"t":43,"s":[{"i":[[0,0],[0,0]],"o":[[0,0],[0,0]],"v":[[-0.01,-1],[-0.01,-0.984]],"c":false}]},{"i":{"x":0.02,"y":1},"o":{"x":0,"y":0},"t":101,"s":[{"i":[[0,0],[0,0]],"o":[[0,0],[0,0]],"v":[[-0.01,-1],[-0.01,-0.984]],"c":false}]},{"t":115,"s":[{"i":[[0,0],[0,0]],"o":[[0,0],[0,0]],"v":[[-6.681,-1.031],[5.3,-1.031]],"c":false}]}],"ix":2},"nm":"Path 1","mn":"ADBE Vector Shape - Group","hd":false},{"ty":"st","c":{"a":0,"k":[0.8627450980392157,0.20784313725490197,0.27058823529411763,1],"ix":3},"o":{"a":1,"k":[{"i":{"x":[0.667],"y":[1]},"o":{"x":[0.333],"y":[0]},"t":42,"s":[100]},{"i":{"x":[0.708],"y":[1]},"o":{"x":[0.158],"y":[0]},"t":43,"s":[0]},{"i":{"x":[0.833],"y":[1]},"o":{"x":[0.424],"y":[0]},"t":101,"s":[0]},{"t":102,"s":[100]}],"ix":4},"w":{"a":1,"k":[{"i":{"x":[0.667],"y":[1]},"o":{"x":[0.333],"y":[0]},"t":41,"s":[6]},{"i":{"x":[0.708],"y":[1]},"o":{"x":[0.158],"y":[0]},"t":43,"s":[3]},{"i":{"x":[0.833],"y":[1]},"o":{"x":[0.424],"y":[0]},"t":101,"s":[3]},{"t":103,"s":[6]}],"ix":5},"lc":2,"lj":1,"ml":10,"bm":0,"nm":"Stroke 1","mn":"ADBE Vector Graphic - Stroke","hd":false},{"ty":"tr","p":{"a":0,"k":[164,124],"ix":2},"a":{"a":0,"k":[0,0],"ix":1},"s":{"a":0,"k":[100,100],"ix":3},"r":{"a":0,"k":0,"ix":6},"o":{"a":0,"k":100,"ix":7},"sk":{"a":0,"k":0,"ix":4},"sa":{"a":0,"k":0,"ix":5},"nm":"Transform"}],"nm":"Line 4","np":2,"cix":2,"bm":0,"ix":4,"mn":"ADBE Vector Group","hd":false},{"ty":"tr","p":{"a":0,"k":[92,124],"ix":2},"a":{"a":0,"k":[92,124],"ix":1},"s":{"a":0,"k":[100,100],"ix":3},"r":{"a":0,"k":0,"ix":6},"o":{"a":0,"k":100,"ix":7},"sk":{"a":0,"k":0,"ix":4},"sa":{"a":0,"k":0,"ix":5},"nm":"Transform"}],"nm":"Card Digits (Original)","np":4,"cix":2,"bm":0,"ix":3,"mn":"ADBE Vector Group","hd":false},{"ty":"gr","it":[{"ind":0,"ty":"sh","ix":1,"ks":{"a":1,"k":[{"i":{"x":0.02,"y":1},"o":{"x":0.84,"y":0},"t":30,"s":[{"i":[[6.627,0],[0,0],[0,6.627],[0,0],[-6.627,0],[0,0],[0,-6.627],[0,0]],"o":[[0,0],[-6.627,0],[0,0],[0,-6.627],[0,0],[6.627,0],[0,0],[0,6.627]],"v":[[45,36],[-45,36],[-57,24],[-57,-24],[-45,-36],[45,-36],[57,-24],[57,24]],"c":true}]},{"i":{"x":0.833,"y":1},"o":{"x":0.167,"y":0},"t":60,"s":[{"i":[[6.627,0],[0,0],[0,6.627],[0,0],[-6.627,0],[0,0],[0,-6.627],[0,0]],"o":[[0,0],[-6.627,0],[0,0],[0,-6.627],[0,0],[6.627,0],[0,0],[0,6.627]],"v":[[18,33],[-18,33],[-30,21],[-30,3],[-18,-9],[18,-9],[30,3],[30,21]],"c":true}]},{"i":{"x":0.16,"y":1},"o":{"x":0.98,"y":0},"t":85,"s":[{"i":[[6.627,0],[0,0],[0,6.627],[0,0],[-6.627,0],[0,0],[0,-6.627],[0,0]],"o":[[0,0],[-6.627,0],[0,0],[0,-6.627],[0,0],[6.627,0],[0,0],[0,6.627]],"v":[[18,33],[-18,33],[-30,21],[-30,3],[-18,-9],[18,-9],[30,3],[30,21]],"c":true}]},{"t":115,"s":[{"i":[[6.627,0],[0,0],[0,6.627],[0,0],[-6.627,0],[0,0],[0,-6.627],[0,0]],"o":[[0,0],[-6.627,0],[0,0],[0,-6.627],[0,0],[6.627,0],[0,0],[0,6.627]],"v":[[45,36],[-45,36],[-57,24],[-57,-24],[-45,-36],[45,-36],[57,-24],[57,24]],"c":true}]}],"ix":2},"nm":"Path 1","mn":"ADBE Vector Shape - Group","hd":false},{"ty":"st","c":{"a":0,"k":[0.8627450980392157,0.20784313725490197,0.27058823529411763,1],"ix":3},"o":{"a":0,"k":100,"ix":4},"w":{"a":0,"k":6,"ix":5},"lc":2,"lj":2,"bm":0,"nm":"Stroke 1","mn":"ADBE Vector Graphic - Stroke","hd":false},{"ty":"fl","c":{"a":0,"k":[1,1,1,1],"ix":4},"o":{"a":0,"k":100,"ix":5},"r":1,"bm":0,"nm":"Fill 1","mn":"ADBE Vector Graphic - Fill","hd":false},{"ty":"tr","p":{"a":0,"k":[127.316,114.965],"ix":2},"a":{"a":0,"k":[0,0],"ix":1},"s":{"a":0,"k":[100,100],"ix":3},"r":{"a":0,"k":0,"ix":6},"o":{"a":0,"k":100,"ix":7},"sk":{"a":0,"k":0,"ix":4},"sa":{"a":0,"k":0,"ix":5},"nm":"Transform"}],"nm":"Card Body","np":3,"cix":2,"bm":0,"ix":4,"mn":"ADBE Vector Group","hd":false},{"ty":"gr","it":[{"ind":0,"ty":"sh","ix":1,"ks":{"a":1,"k":[{"i":{"x":0.02,"y":1},"o":{"x":0.84,"y":0},"t":30,"s":[{"i":[[0,0],[0,0],[-15.062,0],[0,-0.016],[0,0]],"o":[[0,0],[0.094,0],[14.969,0],[0,0],[0,0]],"v":[[-24.672,8.972],[-24.641,8.972],[-0.672,8.972],[23.328,8.988],[23.328,8.972]],"c":false}]},{"i":{"x":0.16,"y":1},"o":{"x":0.167,"y":0},"t":60,"s":[{"i":[[0,0],[0,0],[-8.284,0],[0,-8.284],[0,0]],"o":[[0,0],[0,-8.284],[8.284,0],[0,0],[0,0]],"v":[[-15.672,12.004],[-15.672,3.004],[-0.672,-11.996],[14.328,3.004],[14.328,12.004]],"c":false}]},{"i":{"x":0.16,"y":1},"o":{"x":0.98,"y":0},"t":85,"s":[{"i":[[0,0],[0,0],[-8.284,0],[0,-8.284],[0,0]],"o":[[0,0],[0,-8.284],[8.284,0],[0,0],[0,0]],"v":[[-15.672,12.004],[-15.672,3.004],[-0.672,-11.996],[14.328,3.004],[14.328,12.004]],"c":false}]},{"t":115,"s":[{"i":[[0,0],[0,0],[-15.062,0],[0,-0.016],[0,0]],"o":[[0,0],[0.094,0],[14.969,0],[0,0],[0,0]],"v":[[-24.672,8.972],[-24.641,8.972],[-0.672,8.972],[23.328,8.988],[23.328,8.972]],"c":false}]}],"ix":2},"nm":"Path 1","mn":"ADBE Vector Shape - Group","hd":false},{"ty":"st","c":{"a":0,"k":[0.8627450980392157,0.20784313725490197,0.27058823529411763,1],"ix":3},"o":{"a":0,"k":100,"ix":4},"w":{"a":0,"k":6,"ix":5},"lc":2,"lj":2,"bm":0,"nm":"Stroke 1","mn":"ADBE Vector Graphic - Stroke","hd":false},{"ty":"tr","p":{"a":0,"k":[128,94],"ix":2},"a":{"a":0,"k":[0,0],"ix":1},"s":{"a":0,"k":[100,100],"ix":3},"r":{"a":0,"k":0,"ix":6},"o":{"a":0,"k":100,"ix":7},"sk":{"a":0,"k":0,"ix":4},"sa":{"a":0,"k":0,"ix":5},"nm":"Transform"}],"nm":"Lock Arm ","np":2,"cix":2,"bm":0,"ix":5,"mn":"ADBE Vector Group","hd":false}],"ip":0,"op":601,"st":0,"bm":0},{"ddd":0,"ind":3,"ty":4,"nm":"Toggle Switch 1","sr":1,"ks":{"o":{"a":0,"k":100,"ix":11},"r":{"a":0,"k":0,"ix":10},"p":{"a":0,"k":[128,192,0],"ix":2},"a":{"a":0,"k":[128,174,0],"ix":1},"s":{"a":0,"k":[100,100,100],"ix":6}},"ao":0,"shapes":[{"ty":"gr","it":[{"ind":0,"ty":"sh","ix":1,"ks":{"a":0,"k":{"i":[[0,-3.313],[3.313,0],[0,3.313],[-3.313,0]],"o":[[0,3.313],[-3.313,0],[0,-3.313],[3.313,0]],"v":[[6,0],[0,6],[-6,0],[0,-6]],"c":true},"ix":2},"nm":"Path 1","mn":"ADBE Vector Shape - Group","hd":false},{"ty":"st","c":{"a":0,"k":[1,1,1,1],"ix":3},"o":{"a":0,"k":100,"ix":4},"w":{"a":0,"k":3,"ix":5},"lc":1,"lj":1,"ml":10,"bm":0,"nm":"Stroke 1","mn":"ADBE Vector Graphic - Stroke","hd":false},{"ty":"fl","c":{"a":0,"k":[1,1,1,1],"ix":4},"o":{"a":0,"k":100,"ix":5},"r":1,"bm":0,"nm":"Fill 1","mn":"ADBE Vector Graphic - Fill","hd":false},{"ty":"tr","p":{"a":1,"k":[{"i":{"x":0.02,"y":1},"o":{"x":0.84,"y":0},"t":30,"s":[123,174],"to":[2,0],"ti":[-2,0]},{"i":{"x":0.833,"y":0.833},"o":{"x":0.167,"y":0.167},"t":58,"s":[135,174],"to":[0,0],"ti":[0,0]},{"i":{"x":0.02,"y":1},"o":{"x":0.84,"y":0},"t":85,"s":[135,174],"to":[-2,0],"ti":[2,0]},{"t":115,"s":[123,174]}],"ix":2},"a":{"a":0,"k":[0,0],"ix":1},"s":{"a":0,"k":[100,100],"ix":3},"r":{"a":0,"k":0,"ix":6},"o":{"a":0,"k":100,"ix":7},"sk":{"a":0,"k":0,"ix":4},"sa":{"a":0,"k":0,"ix":5},"nm":"Transform"}],"nm":"Switch Dot (No Fill Change)","np":3,"cix":2,"bm":0,"ix":2,"mn":"ADBE Vector Group","hd":false},{"ty":"gr","it":[{"ind":0,"ty":"sh","ix":1,"ks":{"a":0,"k":{"i":[[2.209,0],[0,0],[0,2.209],[-2.209,0],[0,0],[0,-2.209]],"o":[[0,0],[-2.209,0],[0,-2.209],[0,0],[2.209,0],[0,2.209]],"v":[[6,4],[-6,4],[-10,0],[-6,-4],[6,-4],[10,0]],"c":true},"ix":2},"nm":"Path 1","mn":"ADBE Vector Shape - Group","hd":false},{"ty":"st","c":{"a":0,"k":[1,1,1,1],"ix":3},"o":{"a":0,"k":100,"ix":4},"w":{"a":0,"k":3,"ix":5},"lc":1,"lj":1,"ml":10,"bm":0,"nm":"Stroke 1","mn":"ADBE Vector Graphic - Stroke","hd":false},{"ty":"fl","c":{"a":0,"k":[1,1,1,1],"ix":4},"o":{"a":0,"k":100,"ix":5},"r":1,"bm":0,"nm":"Fill 1","mn":"ADBE Vector Graphic - Fill","hd":false},{"ty":"tr","p":{"a":0,"k":[129,174],"ix":2},"a":{"a":0,"k":[0,0],"ix":1},"s":{"a":0,"k":[100,100],"ix":3},"r":{"a":0,"k":0,"ix":6},"o":{"a":0,"k":100,"ix":7},"sk":{"a":0,"k":0,"ix":4},"sa":{"a":0,"k":0,"ix":5},"nm":"Transform"}],"nm":"Line","np":3,"cix":2,"bm":0,"ix":3,"mn":"ADBE Vector Group","hd":false}],"ip":601,"op":601,"st":0,"bm":0,"hidden":0}],"markers":[{"tm":21,"cm":"1","dr":0},{"tm":125,"cm":"2","dr":0}]}