{"v":"4.8.0","meta":{"g":"LottieFiles AE ","a":"","k":"","d":"","tc":""},"fr":60,"ip":0,"op":70,"w":500,"h":500,"nm":"Replacement","ddd":0,"assets":[],"layers":[{"ddd":0,"ind":1,"ty":4,"nm":"Layer 207 Outlines","parent":2,"sr":1,"ks":{"o":{"a":0,"k":100,"ix":11},"r":{"a":0,"k":0,"ix":10},"p":{"a":0,"k":[96.196,91.37,0],"ix":2},"a":{"a":0,"k":[36.149,22.423,0],"ix":1},"s":{"a":0,"k":[100,100,100],"ix":6}},"ao":0,"shapes":[{"ty":"gr","it":[{"ind":0,"ty":"sh","ix":1,"ks":{"a":0,"k":{"i":[[-3.004,-3.004],[0,0],[-3.003,3.005],[0,0],[-3.004,-3.005],[3.003,-3.004],[0,0],[3.004,3.004],[0,0],[-3.004,3.004]],"o":[[0,0],[3.004,3.004],[0,0],[3.004,-3.004],[3.004,3.003],[0,0],[-3.003,3.004],[0,0],[-3.004,-3.004],[3.004,-3.004]],"v":[[-22.017,-19.169],[-5.436,-2.587],[5.441,-2.588],[22.017,-19.167],[32.896,-19.167],[32.897,-8.29],[5.441,19.169],[-5.436,19.169],[-32.896,-8.29],[-32.896,-19.169]],"c":true},"ix":2},"nm":"Path 1","mn":"ADBE Vector Shape - Group","hd":false},{"ty":"fl","c":{"a":0,"k":[0.152941176471,0.478431402468,0.956862804936,1],"ix":4},"o":{"a":0,"k":100,"ix":5},"r":1,"bm":0,"nm":"Fill 1","mn":"ADBE Vector Graphic - Fill","hd":false},{"ty":"tr","p":{"a":0,"k":[36.149,22.422],"ix":2},"a":{"a":0,"k":[0,0],"ix":1},"s":{"a":0,"k":[100,100],"ix":3},"r":{"a":0,"k":0,"ix":6},"o":{"a":0,"k":100,"ix":7},"sk":{"a":0,"k":0,"ix":4},"sa":{"a":0,"k":0,"ix":5},"nm":"Transform"}],"nm":"Group 1","np":2,"cix":2,"bm":0,"ix":1,"mn":"ADBE Vector Group","hd":false}],"ip":0,"op":70,"st":0,"bm":0},{"ddd":0,"ind":2,"ty":4,"nm":"Layer 208 Outlines","sr":1,"ks":{"o":{"a":0,"k":100,"ix":11},"r":{"a":0,"k":0,"ix":10},"p":{"a":0,"k":[313.285,82.702,0],"ix":2},"a":{"a":0,"k":[0.152,7.674,0],"ix":1},"s":{"a":1,"k":[{"i":{"x":[0.4,0.4,0.4],"y":[1,1,1]},"o":{"x":[0.2,0.2,0.2],"y":[0,0,0]},"t":0,"s":[100,100,100]},{"i":{"x":[0.2,0.2,0.2],"y":[1,1,1]},"o":{"x":[0.6,0.6,0.6],"y":[0,0,0]},"t":10,"s":[0,0,100]},{"i":{"x":[0.8,0.8,0.8],"y":[1,1,1]},"o":{"x":[0.167,0.167,0.167],"y":[0.167,0.167,0]},"t":30,"s":[110,110,100]},{"t":50,"s":[100,100,100]}],"ix":6}},"ao":0,"shapes":[{"ty":"gr","it":[{"ind":0,"ty":"sh","ix":1,"ks":{"a":0,"k":{"i":[[-0.655,0],[-8.679,-3.756],[-4.795,-21.341],[0.018,-7.501],[0,0],[4.248,0],[0,0],[0,4.248],[0,0],[1.496,6.039],[15.896,6.779],[9.736,-0.258],[0,0],[0,4.249],[0,0],[-4.248,0],[0,0]],"o":[[11.004,0],[20.326,8.667],[1.918,7.712],[0,0],[0,4.248],[0,0],[-4.248,0],[0,0],[0.018,-6.87],[-3.774,-16.762],[-7.194,-3.12],[0,0],[-4.248,0],[0,0],[0,-4.248],[0,0],[0.667,-0.012]],"v":[[-20.545,-52.424],[9.168,-46.769],[49.921,1.887],[51.803,24.858],[51.803,44.734],[44.111,52.424],[44.109,52.424],[36.417,44.734],[36.417,24.822],[34.951,5.428],[3.092,-32.633],[-22.372,-37.021],[-44.147,-37.021],[-51.839,-44.713],[-51.839,-44.715],[-44.147,-52.406],[-22.528,-52.406]],"c":true},"ix":2},"nm":"Path 1","mn":"ADBE Vector Shape - Group","hd":false},{"ty":"fl","c":{"a":0,"k":[0.152941176471,0.478431402468,0.956862804936,1],"ix":4},"o":{"a":0,"k":100,"ix":5},"r":1,"bm":0,"nm":"Fill 1","mn":"ADBE Vector Graphic - Fill","hd":false},{"ty":"tr","p":{"a":0,"k":[52.089,52.674],"ix":2},"a":{"a":0,"k":[0,0],"ix":1},"s":{"a":0,"k":[100,100],"ix":3},"r":{"a":0,"k":0,"ix":6},"o":{"a":0,"k":100,"ix":7},"sk":{"a":0,"k":0,"ix":4},"sa":{"a":0,"k":0,"ix":5},"nm":"Transform"}],"nm":"Group 1","np":2,"cix":2,"bm":0,"ix":1,"mn":"ADBE Vector Group","hd":false}],"ip":0,"op":70,"st":0,"bm":0},{"ddd":0,"ind":3,"ty":4,"nm":"Layer 209 Outlines","parent":4,"sr":1,"ks":{"o":{"a":0,"k":100,"ix":11},"r":{"a":0,"k":0,"ix":10},"p":{"a":0,"k":[7.982,13.979,0],"ix":2},"a":{"a":0,"k":[36.149,22.423,0],"ix":1},"s":{"a":0,"k":[100,100,100],"ix":6}},"ao":0,"shapes":[{"ty":"gr","it":[{"ind":0,"ty":"sh","ix":1,"ks":{"a":0,"k":{"i":[[3.004,3.004],[0,0],[3.003,-3.005],[0,0],[3.004,3.004],[-3.003,3.004],[0,0],[-3.004,-3.004],[0,0],[3.004,-3.004]],"o":[[0,0],[-3.004,-3.004],[0,0],[-3.004,3.004],[-3.004,-3.003],[0,0],[3.003,-3.004],[0,0],[3.004,3.004],[-3.004,3.004]],"v":[[22.018,19.168],[5.437,2.587],[-5.441,2.589],[-22.018,19.167],[-32.895,19.167],[-32.896,8.29],[-5.441,-19.169],[5.437,-19.169],[32.896,8.29],[32.896,19.168]],"c":true},"ix":2},"nm":"Path 1","mn":"ADBE Vector Shape - Group","hd":false},{"ty":"fl","c":{"a":0,"k":[0.152941176471,0.478431402468,0.956862804936,1],"ix":4},"o":{"a":0,"k":100,"ix":5},"r":1,"bm":0,"nm":"Fill 1","mn":"ADBE Vector Graphic - Fill","hd":false},{"ty":"tr","p":{"a":0,"k":[36.149,22.423],"ix":2},"a":{"a":0,"k":[0,0],"ix":1},"s":{"a":0,"k":[100,100],"ix":3},"r":{"a":0,"k":0,"ix":6},"o":{"a":0,"k":100,"ix":7},"sk":{"a":0,"k":0,"ix":4},"sa":{"a":0,"k":0,"ix":5},"nm":"Transform"}],"nm":"Group 1","np":2,"cix":2,"bm":0,"ix":1,"mn":"ADBE Vector Group","hd":false}],"ip":0,"op":70,"st":0,"bm":0},{"ddd":0,"ind":4,"ty":4,"nm":"Layer 210 Outlines","sr":1,"ks":{"o":{"a":0,"k":100,"ix":11},"r":{"a":0,"k":0,"ix":10},"p":{"a":0,"k":[189.979,417.048,0],"ix":2},"a":{"a":0,"k":[103.48,97.424,0],"ix":1},"s":{"a":1,"k":[{"i":{"x":[0.4,0.4,0.4],"y":[1,1,1]},"o":{"x":[0.2,0.2,0.2],"y":[0,0,0]},"t":0,"s":[100,100,100]},{"i":{"x":[0.2,0.2,0.2],"y":[1,1,1]},"o":{"x":[0.6,0.6,0.6],"y":[0,0,0]},"t":10,"s":[0,0,100]},{"i":{"x":[0.8,0.8,0.8],"y":[1,1,1]},"o":{"x":[0.167,0.167,0.167],"y":[0.167,0.167,0]},"t":30,"s":[110,110,100]},{"t":50,"s":[100,100,100]}],"ix":6}},"ao":0,"shapes":[{"ty":"gr","it":[{"ind":0,"ty":"sh","ix":1,"ks":{"a":0,"k":{"i":[[0.655,0],[8.679,3.756],[4.795,21.341],[-0.018,7.501],[0,0],[-4.248,0],[0,0],[0,-4.248],[0,0],[-1.496,-6.039],[-15.896,-6.779],[-9.736,0.258],[0,0],[0,-4.249],[0,0],[4.248,0],[0,0]],"o":[[-11.004,0],[-20.326,-8.667],[-1.918,-7.712],[0,0],[0,-4.248],[0,0],[4.248,0],[0,0],[-0.018,6.87],[3.774,16.762],[7.194,3.12],[0,0],[4.248,0],[0,0],[0,4.248],[0,0],[-0.667,0.012]],"v":[[20.545,52.424],[-9.168,46.77],[-49.921,-1.886],[-51.803,-24.857],[-51.803,-44.733],[-44.111,-52.424],[-44.109,-52.424],[-36.417,-44.733],[-36.417,-24.822],[-34.951,-5.427],[-3.092,32.633],[22.372,37.021],[44.147,37.021],[51.839,44.714],[51.839,44.715],[44.147,52.407],[22.528,52.407]],"c":true},"ix":2},"nm":"Path 1","mn":"ADBE Vector Shape - Group","hd":false},{"ty":"fl","c":{"a":0,"k":[0.152941176471,0.478431402468,0.956862804936,1],"ix":4},"o":{"a":0,"k":100,"ix":5},"r":1,"bm":0,"nm":"Fill 1","mn":"ADBE Vector Graphic - Fill","hd":false},{"ty":"tr","p":{"a":0,"k":[52.089,52.674],"ix":2},"a":{"a":0,"k":[0,0],"ix":1},"s":{"a":0,"k":[100,100],"ix":3},"r":{"a":0,"k":0,"ix":6},"o":{"a":0,"k":100,"ix":7},"sk":{"a":0,"k":0,"ix":4},"sa":{"a":0,"k":0,"ix":5},"nm":"Transform"}],"nm":"Group 1","np":2,"cix":2,"bm":0,"ix":1,"mn":"ADBE Vector Group","hd":false}],"ip":0,"op":70,"st":0,"bm":0},{"ddd":0,"ind":5,"ty":4,"nm":"Layer 211 Outlines","parent":7,"sr":1,"ks":{"o":{"a":0,"k":100,"ix":11},"r":{"a":0,"k":0,"ix":10},"p":{"a":0,"k":[115.75,174.67,0],"ix":2},"a":{"a":0,"k":[93.965,23.479,0],"ix":1},"s":{"a":0,"k":[100,100,100],"ix":6}},"ao":0,"shapes":[{"ty":"gr","it":[{"ind":0,"ty":"sh","ix":1,"ks":{"a":0,"k":{"i":[[5.523,0],[0,0],[0,5.523],[0,0],[-5.523,0],[0,0],[0,-5.523],[0,0]],"o":[[0,0],[-5.523,0],[0,0],[0,-5.523],[0,0],[5.523,0],[0,0],[0,5.523]],"v":[[83.715,23.229],[-83.715,23.229],[-93.715,13.229],[-93.715,-13.229],[-83.715,-23.229],[83.715,-23.229],[93.715,-13.229],[93.715,13.229]],"c":true},"ix":2},"nm":"Path 1","mn":"ADBE Vector Shape - Group","hd":false},{"ty":"fl","c":{"a":0,"k":[0.721568627451,0.862745157878,1,1],"ix":4},"o":{"a":0,"k":100,"ix":5},"r":1,"bm":0,"nm":"Fill 1","mn":"ADBE Vector Graphic - Fill","hd":false},{"ty":"tr","p":{"a":0,"k":[93.965,23.479],"ix":2},"a":{"a":0,"k":[0,0],"ix":1},"s":{"a":0,"k":[100,100],"ix":3},"r":{"a":0,"k":0,"ix":6},"o":{"a":0,"k":100,"ix":7},"sk":{"a":0,"k":0,"ix":4},"sa":{"a":0,"k":0,"ix":5},"nm":"Transform"}],"nm":"Group 1","np":2,"cix":2,"bm":0,"ix":1,"mn":"ADBE Vector Group","hd":false}],"ip":0,"op":70,"st":0,"bm":0},{"ddd":0,"ind":6,"ty":4,"nm":"Layer 212 Outlines","parent":7,"sr":1,"ks":{"o":{"a":0,"k":100,"ix":11},"r":{"a":0,"k":0,"ix":10},"p":{"a":0,"k":[115.75,31.981,0],"ix":2},"a":{"a":0,"k":[31.222,32.501,0],"ix":1},"s":{"a":0,"k":[100,100,100],"ix":6}},"ao":0,"shapes":[{"ty":"gr","it":[{"ind":0,"ty":"sh","ix":1,"ks":{"a":0,"k":{"i":[[0,0],[0,0],[0,0],[3.324,1.662],[0,0],[1.408,-0.704],[0,0],[0,3.717]],"o":[[0,0],[0,0],[0,3.717],[0,0],[-1.408,-0.704],[0,0],[-3.324,1.662],[0,0]],"v":[[-30.972,-32.251],[30.972,-32.251],[30.972,26.117],[23.736,30.589],[2.236,19.839],[-2.236,19.839],[-23.736,30.589],[-30.972,26.117]],"c":true},"ix":2},"nm":"Path 1","mn":"ADBE Vector Shape - Group","hd":false},{"ty":"fl","c":{"a":0,"k":[0.721568627451,0.862745157878,1,1],"ix":4},"o":{"a":0,"k":100,"ix":5},"r":1,"bm":0,"nm":"Fill 1","mn":"ADBE Vector Graphic - Fill","hd":false},{"ty":"tr","p":{"a":0,"k":[31.222,32.501],"ix":2},"a":{"a":0,"k":[0,0],"ix":1},"s":{"a":0,"k":[100,100],"ix":3},"r":{"a":0,"k":0,"ix":6},"o":{"a":0,"k":100,"ix":7},"sk":{"a":0,"k":0,"ix":4},"sa":{"a":0,"k":0,"ix":5},"nm":"Transform"}],"nm":"Group 1","np":2,"cix":2,"bm":0,"ix":1,"mn":"ADBE Vector Group","hd":false}],"ip":0,"op":70,"st":0,"bm":0},{"ddd":0,"ind":7,"ty":4,"nm":"Layer 213 Outlines","sr":1,"ks":{"o":{"a":0,"k":100,"ix":11},"r":{"a":0,"k":0,"ix":10},"p":{"a":1,"k":[{"i":{"x":0.4,"y":1},"o":{"x":0.2,"y":0},"t":0,"s":[335,314.74,0],"to":[0,0,0],"ti":[0,0,0]},{"i":{"x":0.2,"y":1},"o":{"x":0.6,"y":0},"t":10,"s":[312.778,292.518,0],"to":[0,0,0],"ti":[0,0,0]},{"i":{"x":0.8,"y":0.8},"o":{"x":0.167,"y":0.167},"t":30,"s":[335,314.74,0],"to":[0,0,0],"ti":[0,0,0]},{"t":50,"s":[335,314.74,0]}],"ix":2},"a":{"a":0,"k":[115.75,108.75,0],"ix":1},"s":{"a":0,"k":[100,100,100],"ix":6}},"ao":0,"shapes":[{"ty":"gr","it":[{"ind":0,"ty":"sh","ix":1,"ks":{"a":0,"k":{"i":[[11.046,0],[0,0],[0,11.046],[0,0],[-11.046,0],[0,0],[0,-11.046],[0,0]],"o":[[0,0],[-11.046,0],[0,0],[0,-11.046],[0,0],[11.046,0],[0,0],[0,11.046]],"v":[[95.5,108.5],[-95.5,108.5],[-115.5,88.5],[-115.5,-88.5],[-95.5,-108.5],[95.5,-108.5],[115.5,-88.5],[115.5,88.5]],"c":true},"ix":2},"nm":"Path 1","mn":"ADBE Vector Shape - Group","hd":false},{"ty":"fl","c":{"a":0,"k":[0.152941176471,0.478431402468,0.956862804936,1],"ix":4},"o":{"a":0,"k":100,"ix":5},"r":1,"bm":0,"nm":"Fill 1","mn":"ADBE Vector Graphic - Fill","hd":false},{"ty":"tr","p":{"a":0,"k":[115.75,108.75],"ix":2},"a":{"a":0,"k":[0,0],"ix":1},"s":{"a":0,"k":[100,100],"ix":3},"r":{"a":0,"k":0,"ix":6},"o":{"a":0,"k":100,"ix":7},"sk":{"a":0,"k":0,"ix":4},"sa":{"a":0,"k":0,"ix":5},"nm":"Transform"}],"nm":"Group 1","np":2,"cix":2,"bm":0,"ix":1,"mn":"ADBE Vector Group","hd":false}],"ip":0,"op":70,"st":0,"bm":0},{"ddd":0,"ind":8,"ty":4,"nm":"Layer 214 Outlines","parent":10,"sr":1,"ks":{"o":{"a":0,"k":100,"ix":11},"r":{"a":0,"k":0,"ix":10},"p":{"a":0,"k":[115.75,174.67,0],"ix":2},"a":{"a":0,"k":[93.965,23.479,0],"ix":1},"s":{"a":0,"k":[100,100,100],"ix":6}},"ao":0,"shapes":[{"ty":"gr","it":[{"ind":0,"ty":"sh","ix":1,"ks":{"a":0,"k":{"i":[[5.523,0],[0,0],[0,5.523],[0,0],[-5.523,0],[0,0],[0,-5.523],[0,0]],"o":[[0,0],[-5.523,0],[0,0],[0,-5.523],[0,0],[5.523,0],[0,0],[0,5.523]],"v":[[83.715,23.229],[-83.715,23.229],[-93.715,13.229],[-93.715,-13.229],[-83.715,-23.229],[83.715,-23.229],[93.715,-13.229],[93.715,13.229]],"c":true},"ix":2},"nm":"Path 1","mn":"ADBE Vector Shape - Group","hd":false},{"ty":"fl","c":{"a":0,"k":[1,1,1,1],"ix":4},"o":{"a":0,"k":100,"ix":5},"r":1,"bm":0,"nm":"Fill 1","mn":"ADBE Vector Graphic - Fill","hd":false},{"ty":"tr","p":{"a":0,"k":[93.965,23.479],"ix":2},"a":{"a":0,"k":[0,0],"ix":1},"s":{"a":0,"k":[100,100],"ix":3},"r":{"a":0,"k":0,"ix":6},"o":{"a":0,"k":100,"ix":7},"sk":{"a":0,"k":0,"ix":4},"sa":{"a":0,"k":0,"ix":5},"nm":"Transform"}],"nm":"Group 1","np":2,"cix":2,"bm":0,"ix":1,"mn":"ADBE Vector Group","hd":false}],"ip":0,"op":70,"st":0,"bm":0},{"ddd":0,"ind":9,"ty":4,"nm":"Layer 215 Outlines","parent":10,"sr":1,"ks":{"o":{"a":0,"k":100,"ix":11},"r":{"a":0,"k":0,"ix":10},"p":{"a":0,"k":[115.75,31.981,0],"ix":2},"a":{"a":0,"k":[31.222,32.501,0],"ix":1},"s":{"a":0,"k":[100,100,100],"ix":6}},"ao":0,"shapes":[{"ty":"gr","it":[{"ind":0,"ty":"sh","ix":1,"ks":{"a":0,"k":{"i":[[0,0],[0,0],[0,0],[3.324,1.662],[0,0],[1.408,-0.704],[0,0],[0,3.717]],"o":[[0,0],[0,0],[0,3.717],[0,0],[-1.408,-0.704],[0,0],[-3.324,1.662],[0,0]],"v":[[-30.972,-32.251],[30.972,-32.251],[30.972,26.117],[23.736,30.589],[2.236,19.839],[-2.236,19.839],[-23.736,30.589],[-30.972,26.117]],"c":true},"ix":2},"nm":"Path 1","mn":"ADBE Vector Shape - Group","hd":false},{"ty":"fl","c":{"a":0,"k":[0.152941176471,0.478431402468,0.956862804936,1],"ix":4},"o":{"a":0,"k":100,"ix":5},"r":1,"bm":0,"nm":"Fill 1","mn":"ADBE Vector Graphic - Fill","hd":false},{"ty":"tr","p":{"a":0,"k":[31.222,32.501],"ix":2},"a":{"a":0,"k":[0,0],"ix":1},"s":{"a":0,"k":[100,100],"ix":3},"r":{"a":0,"k":0,"ix":6},"o":{"a":0,"k":100,"ix":7},"sk":{"a":0,"k":0,"ix":4},"sa":{"a":0,"k":0,"ix":5},"nm":"Transform"}],"nm":"Group 1","np":2,"cix":2,"bm":0,"ix":1,"mn":"ADBE Vector Group","hd":false}],"ip":0,"op":70,"st":0,"bm":0},{"ddd":0,"ind":10,"ty":4,"nm":"Layer 216 Outlines","sr":1,"ks":{"o":{"a":0,"k":100,"ix":11},"r":{"a":0,"k":0,"ix":10},"p":{"a":1,"k":[{"i":{"x":0.4,"y":1},"o":{"x":0.2,"y":0},"t":0,"s":[165,184.74,0],"to":[0,0,0],"ti":[0,0,0]},{"i":{"x":0.2,"y":1},"o":{"x":0.6,"y":0},"t":10,"s":[187.222,206.962,0],"to":[0,0,0],"ti":[0,0,0]},{"i":{"x":0.8,"y":0.8},"o":{"x":0.167,"y":0.167},"t":30,"s":[165,184.74,0],"to":[0,0,0],"ti":[0,0,0]},{"t":50,"s":[165,184.74,0]}],"ix":2},"a":{"a":0,"k":[115.75,108.75,0],"ix":1},"s":{"a":0,"k":[100,100,100],"ix":6}},"ao":0,"shapes":[{"ty":"gr","it":[{"ind":0,"ty":"sh","ix":1,"ks":{"a":0,"k":{"i":[[11.046,0],[0,0],[0,11.046],[0,0],[-11.046,0],[0,0],[0,-11.046],[0,0]],"o":[[0,0],[-11.046,0],[0,0],[0,-11.046],[0,0],[11.046,0],[0,0],[0,11.046]],"v":[[95.5,108.5],[-95.5,108.5],[-115.5,88.5],[-115.5,-88.5],[-95.5,-108.5],[95.5,-108.5],[115.5,-88.5],[115.5,88.5]],"c":true},"ix":2},"nm":"Path 1","mn":"ADBE Vector Shape - Group","hd":false},{"ty":"fl","c":{"a":0,"k":[0.721568627451,0.862745157878,1,1],"ix":4},"o":{"a":0,"k":100,"ix":5},"r":1,"bm":0,"nm":"Fill 1","mn":"ADBE Vector Graphic - Fill","hd":false},{"ty":"tr","p":{"a":0,"k":[115.75,108.75],"ix":2},"a":{"a":0,"k":[0,0],"ix":1},"s":{"a":0,"k":[100,100],"ix":3},"r":{"a":0,"k":0,"ix":6},"o":{"a":0,"k":100,"ix":7},"sk":{"a":0,"k":0,"ix":4},"sa":{"a":0,"k":0,"ix":5},"nm":"Transform"}],"nm":"Group 1","np":2,"cix":2,"bm":0,"ix":1,"mn":"ADBE Vector Group","hd":false}],"ip":0,"op":70,"st":0,"bm":0}],"markers":[]}