{"v":"5.5.7","meta":{"g":"LottieFiles AE 0.1.20","a":"","k":"","d":"","tc":""},"fr":29.9700012207031,"ip":0,"op":136.000005539394,"w":1600,"h":1600,"nm":"using phone","ddd":0,"assets":[],"layers":[{"ddd":0,"ind":1,"ty":4,"nm":"Layer 8 Outlines","sr":1,"ks":{"o":{"a":0,"k":100,"ix":11},"r":{"a":1,"k":[{"i":{"x":[0.667],"y":[1]},"o":{"x":[0.333],"y":[0]},"t":4,"s":[4]},{"i":{"x":[0.667],"y":[1]},"o":{"x":[0.333],"y":[0]},"t":10.571,"s":[0]},{"i":{"x":[0.667],"y":[1]},"o":{"x":[0.333],"y":[0]},"t":17.143,"s":[-1]},{"i":{"x":[0.833],"y":[1]},"o":{"x":[0.333],"y":[0]},"t":23.714,"s":[0]},{"i":{"x":[0.833],"y":[1]},"o":{"x":[0.167],"y":[0]},"t":31,"s":[-1]},{"i":{"x":[0.833],"y":[1]},"o":{"x":[0.167],"y":[0]},"t":40,"s":[-2]},{"i":{"x":[0.667],"y":[1]},"o":{"x":[0.167],"y":[0]},"t":50,"s":[-1]},{"i":{"x":[0.833],"y":[1]},"o":{"x":[0.333],"y":[0]},"t":62,"s":[0]},{"i":{"x":[0.833],"y":[1]},"o":{"x":[0.167],"y":[0]},"t":75,"s":[-1]},{"i":{"x":[0.667],"y":[1]},"o":{"x":[0.167],"y":[0]},"t":90,"s":[-2]},{"i":{"x":[0.833],"y":[1]},"o":{"x":[0.333],"y":[0]},"t":103,"s":[0]},{"i":{"x":[0.667],"y":[1]},"o":{"x":[0.167],"y":[0]},"t":115,"s":[-2]},{"i":{"x":[0.667],"y":[1]},"o":{"x":[0.333],"y":[0]},"t":127,"s":[0]},{"t":136.000005539394,"s":[4]}],"ix":10},"p":{"a":0,"k":[1051.608,681.134,0],"ix":2},"a":{"a":0,"k":[145.245,81.145,0],"ix":1},"s":{"a":0,"k":[100,100,100],"ix":6}},"ao":0,"shapes":[{"ty":"gr","it":[{"ind":0,"ty":"sh","ix":1,"ks":{"a":0,"k":{"i":[[-1.945,2.94],[-11.945,9.863],[2.709,-2.236],[8.803,-13.301]],"o":[[8.553,-12.922],[2.729,-2.253],[-12.302,10.159],[-1.958,2.957]],"v":[[-13.416,18.674],[17.39,-15.492],[13.504,-19.378],[-18.162,15.901]],"c":true},"ix":2},"nm":"Path 1","mn":"ADBE Vector Shape - Group","hd":false},{"ty":"fl","c":{"a":0,"k":[0.560999971278,0.611999990426,0.757000014361,1],"ix":4},"o":{"a":0,"k":100,"ix":5},"r":1,"bm":0,"nm":"Fill 1","mn":"ADBE Vector Graphic - Fill","hd":false},{"ty":"tr","p":{"a":0,"k":[78.685,51.965],"ix":2},"a":{"a":0,"k":[0,0],"ix":1},"s":{"a":0,"k":[100,100],"ix":3},"r":{"a":0,"k":0,"ix":6},"o":{"a":0,"k":100,"ix":7},"sk":{"a":0,"k":0,"ix":4},"sa":{"a":0,"k":0,"ix":5},"nm":"Transform"}],"nm":"Group 1","np":2,"cix":2,"bm":0,"ix":1,"mn":"ADBE Vector Group","hd":false},{"ty":"gr","it":[{"ind":0,"ty":"sh","ix":1,"ks":{"a":0,"k":{"i":[[3.04,1.81],[-2.49,9.391],[-0.67,7.32],[0.442,18.459],[-17.148,37.462],[1.471,-3.215],[-1.543,-45.737],[7.071,-22.834],[-15.047,-8.956]],"o":[[-12.932,-7.697],[1.885,-7.115],[1.692,-18.437],[-0.985,-41.133],[1.461,-3.193],[-19.156,41.853],[0.796,23.565],[-3.998,12.909],[3.046,1.814]],"v":[[-6.073,115.689],[-4.845,79.388],[-1.218,57.642],[-1.403,2.232],[22.433,-116.259],[17.687,-119.033],[-6.593,11.917],[-11.451,82.499],[-8.847,120.434]],"c":true},"ix":2},"nm":"Path 1","mn":"ADBE Vector Shape - Group","hd":false},{"ty":"fl","c":{"a":0,"k":[0.560999971278,0.611999990426,0.757000014361,1],"ix":4},"o":{"a":0,"k":100,"ix":5},"r":1,"bm":0,"nm":"Fill 1","mn":"ADBE Vector Graphic - Fill","hd":false},{"ty":"tr","p":{"a":0,"k":[24.144,213.228],"ix":2},"a":{"a":0,"k":[0,0],"ix":1},"s":{"a":0,"k":[100,100],"ix":3},"r":{"a":0,"k":0,"ix":6},"o":{"a":0,"k":100,"ix":7},"sk":{"a":0,"k":0,"ix":4},"sa":{"a":0,"k":0,"ix":5},"nm":"Transform"}],"nm":"Group 2","np":2,"cix":2,"bm":0,"ix":2,"mn":"ADBE Vector Group","hd":false},{"ty":"gr","it":[{"ind":0,"ty":"sh","ix":1,"ks":{"a":0,"k":{"i":[[-14.799,-37.935],[3.838,-43.096],[19.942,-70.414],[-0.095,8.244],[-32.657,83.223],[-38.118,-10.414]],"o":[[15.883,40.711],[-4.339,48.722],[-5.713,20.173],[0.999,-87.391],[14.314,-36.475],[40.933,11.183]],"v":[[83.971,-123.37],[105.778,12.864],[76.924,180.723],[-106.978,128.749],[-76.959,-112.651],[6.853,-190.481]],"c":true},"ix":2},"nm":"Path 1","mn":"ADBE Vector Shape - Group","hd":false},{"ty":"fl","c":{"a":0,"k":[0.677999997606,0.713999968884,0.875,1],"ix":4},"o":{"a":0,"k":100,"ix":5},"r":1,"bm":0,"nm":"Fill 1","mn":"ADBE Vector Graphic - Fill","hd":false},{"ty":"tr","p":{"a":0,"k":[126.623,201.145],"ix":2},"a":{"a":0,"k":[0,0],"ix":1},"s":{"a":0,"k":[100,100],"ix":3},"r":{"a":0,"k":0,"ix":6},"o":{"a":0,"k":100,"ix":7},"sk":{"a":0,"k":0,"ix":4},"sa":{"a":0,"k":0,"ix":5},"nm":"Transform"}],"nm":"Group 3","np":2,"cix":2,"bm":0,"ix":3,"mn":"ADBE Vector Group","hd":false}],"ip":0,"op":300.00001221925,"st":0,"bm":0},{"ddd":0,"ind":2,"ty":4,"nm":"Layer 3 Outlines","sr":1,"ks":{"o":{"a":0,"k":100,"ix":11},"r":{"a":1,"k":[{"i":{"x":[0.667],"y":[1]},"o":{"x":[0.333],"y":[0]},"t":4,"s":[0]},{"i":{"x":[0.667],"y":[1]},"o":{"x":[0.333],"y":[0]},"t":17,"s":[-4]},{"i":{"x":[0.667],"y":[1]},"o":{"x":[0.333],"y":[0]},"t":40,"s":[-7]},{"i":{"x":[0.667],"y":[1]},"o":{"x":[0.333],"y":[0]},"t":75,"s":[2]},{"i":{"x":[0.667],"y":[1]},"o":{"x":[0.333],"y":[0]},"t":115,"s":[-7]},{"t":136.000005539394,"s":[0]}],"ix":10},"p":{"a":0,"k":[607.486,1149.772,0],"ix":2},"a":{"a":0,"k":[282.815,410.172,0],"ix":1},"s":{"a":0,"k":[100,100,100],"ix":6}},"ao":0,"shapes":[{"ty":"gr","it":[{"ind":0,"ty":"sh","ix":1,"ks":{"a":0,"k":{"i":[[-2.588,-2.424],[6.327,-34.001],[-0.647,3.474],[23.681,22.177]],"o":[[21.705,20.326],[-0.643,3.449],[6.879,-36.963],[-2.576,-2.412]],"v":[[-30.311,-38.772],[20.745,39.988],[26.02,41.533],[-26.365,-42.596]],"c":true},"ix":2},"nm":"Path 1","mn":"ADBE Vector Shape - Group","hd":false},{"ty":"fl","c":{"a":0,"k":[0.666999966491,0.40800000359,0.294000004787,1],"ix":4},"o":{"a":0,"k":100,"ix":5},"r":1,"bm":0,"nm":"Fill 1","mn":"ADBE Vector Graphic - Fill","hd":false},{"ty":"tr","p":{"a":0,"k":[241.604,348.376],"ix":2},"a":{"a":0,"k":[0,0],"ix":1},"s":{"a":0,"k":[100,100],"ix":3},"r":{"a":0,"k":0,"ix":6},"o":{"a":0,"k":100,"ix":7},"sk":{"a":0,"k":0,"ix":4},"sa":{"a":0,"k":0,"ix":5},"nm":"Transform"}],"nm":"Group 1","np":2,"cix":2,"bm":0,"ix":1,"mn":"ADBE Vector Group","hd":false},{"ty":"gr","it":[{"ind":0,"ty":"sh","ix":1,"ks":{"a":0,"k":{"i":[[0.553,-3.485],[0,0],[-0.552,3.485],[-0.506,3.198]],"o":[[0,0],[-0.547,3.451],[0.508,-3.199],[0.548,-3.452]],"v":[[-1.877,-5.57],[-3.399,4.025],[1.876,5.57],[3.398,-4.025]],"c":true},"ix":2},"nm":"Path 1","mn":"ADBE Vector Shape - Group","hd":false},{"ty":"fl","c":{"a":0,"k":[0.607999973671,0.352999997606,0.263000009574,1],"ix":4},"o":{"a":0,"k":100,"ix":5},"r":1,"bm":0,"nm":"Fill 1","mn":"ADBE Vector Graphic - Fill","hd":false},{"ty":"tr","p":{"a":0,"k":[92.001,160.834],"ix":2},"a":{"a":0,"k":[0,0],"ix":1},"s":{"a":0,"k":[100,100],"ix":3},"r":{"a":0,"k":0,"ix":6},"o":{"a":0,"k":100,"ix":7},"sk":{"a":0,"k":0,"ix":4},"sa":{"a":0,"k":0,"ix":5},"nm":"Transform"}],"nm":"Group 2","np":2,"cix":2,"bm":0,"ix":2,"mn":"ADBE Vector Group","hd":false},{"ty":"gr","it":[{"ind":0,"ty":"sh","ix":1,"ks":{"a":0,"k":{"i":[[2.238,-2.738],[2.42,-3.459],[0.531,-4.092],[-0.453,3.473],[-4.584,5.608]],"o":[[-2.668,3.265],[-2.399,3.43],[-0.457,3.501],[0.981,-7.553],[2.215,-2.71]],"v":[[3.251,-10.954],[-4.979,-1.292],[-8.833,10.132],[-3.338,10.219],[7.075,-7.007]],"c":true},"ix":2},"nm":"Path 1","mn":"ADBE Vector Shape - Group","hd":false},{"ty":"fl","c":{"a":0,"k":[0.607999973671,0.352999997606,0.263000009574,1],"ix":4},"o":{"a":0,"k":100,"ix":5},"r":1,"bm":0,"nm":"Fill 1","mn":"ADBE Vector Graphic - Fill","hd":false},{"ty":"tr","p":{"a":0,"k":[72.873,137.203],"ix":2},"a":{"a":0,"k":[0,0],"ix":1},"s":{"a":0,"k":[100,100],"ix":3},"r":{"a":0,"k":0,"ix":6},"o":{"a":0,"k":100,"ix":7},"sk":{"a":0,"k":0,"ix":4},"sa":{"a":0,"k":0,"ix":5},"nm":"Transform"}],"nm":"Group 3","np":2,"cix":2,"bm":0,"ix":3,"mn":"ADBE Vector Group","hd":false},{"ty":"gr","it":[{"ind":0,"ty":"sh","ix":1,"ks":{"a":0,"k":{"i":[[0.689,-3.47],[0.998,-5.022],[-0.689,3.469],[0,0]],"o":[[-0.998,5.022],[-0.684,3.448],[0,0],[0.684,-3.447]],"v":[[-1.141,-8.306],[-4.135,6.76],[1.141,8.306],[4.134,-6.76]],"c":true},"ix":2},"nm":"Path 1","mn":"ADBE Vector Shape - Group","hd":false},{"ty":"fl","c":{"a":0,"k":[0.607999973671,0.352999997606,0.263000009574,1],"ix":4},"o":{"a":0,"k":100,"ix":5},"r":1,"bm":0,"nm":"Fill 1","mn":"ADBE Vector Graphic - Fill","hd":false},{"ty":"tr","p":{"a":0,"k":[49.349,116.172],"ix":2},"a":{"a":0,"k":[0,0],"ix":1},"s":{"a":0,"k":[100,100],"ix":3},"r":{"a":0,"k":0,"ix":6},"o":{"a":0,"k":100,"ix":7},"sk":{"a":0,"k":0,"ix":4},"sa":{"a":0,"k":0,"ix":5},"nm":"Transform"}],"nm":"Group 4","np":2,"cix":2,"bm":0,"ix":4,"mn":"ADBE Vector Group","hd":false},{"ty":"gr","it":[{"ind":0,"ty":"sh","ix":1,"ks":{"a":0,"k":{"i":[[3.625,32.934],[21.212,25.452],[21.061,20.993],[3.299,11.444],[-7.826,9.798],[10.556,6.672],[6.202,-7.969],[14.93,18.195],[12.589,-7.547],[22.071,7.905],[10.294,-9.556],[22.469,5.465],[12.761,-20.972],[3.311,-24.325],[-12.131,-14.835],[-68.817,-66.591],[-39.199,11.542]],"o":[[-3.625,-32.933],[-19.038,-22.843],[-8.435,-8.41],[-3.407,-11.824],[7.549,-9.454],[-9.166,-4.237],[-1.004,-23.297],[-14.678,0.018],[0.331,-20.896],[-13.959,1.563],[-11.704,-10.492],[-14.71,-1.605],[-12.761,20.972],[-2.766,20.325],[58.96,94.653],[17.074,16.522],[31.783,-9.359]],"v":[[128.305,144.807],[70.719,51.281],[15.234,-3.59],[-27.958,-52.797],[-34.785,-88.842],[-3.214,-119.068],[-47.692,-108.076],[-12.624,-159.665],[-62.281,-141.287],[-34.154,-195.117],[-83.864,-166.654],[-55.804,-226.977],[-115.865,-188.857],[-136.527,-121.328],[-115.88,-54.193],[3.902,185.272],[107.511,217.04]],"c":true},"ix":2},"nm":"Path 1","mn":"ADBE Vector Shape - Group","hd":false},{"ty":"fl","c":{"a":0,"k":[0.74900004069,0.470999983245,0.33300000359,1],"ix":4},"o":{"a":0,"k":100,"ix":5},"r":1,"bm":0,"nm":"Fill 1","mn":"ADBE Vector Graphic - Fill","hd":false},{"ty":"tr","p":{"a":0,"k":[150.087,261.513],"ix":2},"a":{"a":0,"k":[0,0],"ix":1},"s":{"a":0,"k":[100,100],"ix":3},"r":{"a":0,"k":0,"ix":6},"o":{"a":0,"k":100,"ix":7},"sk":{"a":0,"k":0,"ix":4},"sa":{"a":0,"k":0,"ix":5},"nm":"Transform"}],"nm":"Group 5","np":2,"cix":2,"bm":0,"ix":5,"mn":"ADBE Vector Group","hd":false},{"ty":"gr","it":[{"ind":0,"ty":"sh","ix":1,"ks":{"a":0,"k":{"i":[[-5.951,-8.223],[0,0],[0,0],[5.371,8.779],[0,0],[12.255,-1.312],[0,0]],"o":[[32.562,44.998],[0,0],[10.275,-0.563],[0,0],[-6.431,-10.514],[0,0],[-10.093,1.08]],"v":[[-110.845,-62.685],[-5.267,94.768],[100.57,88.98],[111.425,68.308],[21.686,-78.388],[-8.915,-93.456],[-101.515,-83.542]],"c":true},"ix":2},"nm":"Path 1","mn":"ADBE Vector Shape - Group","hd":false},{"ty":"fl","c":{"a":0,"k":[0.19199999641,0.144999994016,0.325,1],"ix":4},"o":{"a":0,"k":100,"ix":5},"r":1,"bm":0,"nm":"Fill 1","mn":"ADBE Vector Graphic - Fill","hd":false},{"ty":"tr","p":{"a":0,"k":[117.046,95.018],"ix":2},"a":{"a":0,"k":[0,0],"ix":1},"s":{"a":0,"k":[100,100],"ix":3},"r":{"a":0,"k":0,"ix":6},"o":{"a":0,"k":100,"ix":7},"sk":{"a":0,"k":0,"ix":4},"sa":{"a":0,"k":0,"ix":5},"nm":"Transform"}],"nm":"Group 6","np":2,"cix":2,"bm":0,"ix":6,"mn":"ADBE Vector Group","hd":false}],"ip":0,"op":300.00001221925,"st":0,"bm":0},{"ddd":0,"ind":3,"ty":4,"nm":"Layer 7 Outlines","sr":1,"ks":{"o":{"a":0,"k":100,"ix":11},"r":{"a":1,"k":[{"i":{"x":[0.667],"y":[1]},"o":{"x":[0.333],"y":[0]},"t":4,"s":[7]},{"i":{"x":[0.667],"y":[1]},"o":{"x":[0.333],"y":[0]},"t":10.571,"s":[0]},{"i":{"x":[0.667],"y":[1]},"o":{"x":[0.333],"y":[0]},"t":17.143,"s":[-6]},{"i":{"x":[0.833],"y":[1]},"o":{"x":[0.333],"y":[0]},"t":23.714,"s":[0]},{"i":{"x":[0.833],"y":[1]},"o":{"x":[0.167],"y":[0]},"t":31,"s":[-5]},{"i":{"x":[0.833],"y":[1]},"o":{"x":[0.167],"y":[0]},"t":40,"s":[-9]},{"i":{"x":[0.667],"y":[1]},"o":{"x":[0.167],"y":[0]},"t":50,"s":[-5]},{"i":{"x":[0.833],"y":[1]},"o":{"x":[0.333],"y":[0]},"t":62,"s":[0]},{"i":{"x":[0.833],"y":[1]},"o":{"x":[0.167],"y":[0]},"t":75,"s":[-5]},{"i":{"x":[0.667],"y":[1]},"o":{"x":[0.167],"y":[0]},"t":90,"s":[-9]},{"i":{"x":[0.833],"y":[1]},"o":{"x":[0.333],"y":[0]},"t":103,"s":[0]},{"i":{"x":[0.667],"y":[1]},"o":{"x":[0.167],"y":[0]},"t":115,"s":[-9]},{"i":{"x":[0.667],"y":[1]},"o":{"x":[0.333],"y":[0]},"t":127,"s":[0]},{"t":136.000005539394,"s":[7]}],"ix":10},"p":{"a":0,"k":[1024.722,865.514,0],"ix":2},"a":{"a":0,"k":[565.018,122.04,0],"ix":1},"s":{"a":0,"k":[100,100,100],"ix":6}},"ao":0,"shapes":[{"ty":"gr","it":[{"ind":0,"ty":"sh","ix":1,"ks":{"a":0,"k":{"i":[[-3.155,-1.608],[-7.07,-17.326],[1.338,3.279],[17.989,9.172]],"o":[[16.635,8.481],[1.318,3.232],[-7.614,-18.66],[-3.145,-1.604]],"v":[[-20.034,-18.207],[16.552,21.324],[21.851,19.863],[-17.26,-22.952]],"c":true},"ix":2},"nm":"Path 1","mn":"ADBE Vector Shape - Group","hd":false},{"ty":"fl","c":{"a":0,"k":[0.666999966491,0.40800000359,0.294000004787,1],"ix":4},"o":{"a":0,"k":100,"ix":5},"r":1,"bm":0,"nm":"Fill 1","mn":"ADBE Vector Graphic - Fill","hd":false},{"ty":"tr","p":{"a":0,"k":[477.498,308.991],"ix":2},"a":{"a":0,"k":[0,0],"ix":1},"s":{"a":0,"k":[100,100],"ix":3},"r":{"a":0,"k":0,"ix":6},"o":{"a":0,"k":100,"ix":7},"sk":{"a":0,"k":0,"ix":4},"sa":{"a":0,"k":0,"ix":5},"nm":"Transform"}],"nm":"Group 1","np":2,"cix":2,"bm":0,"ix":1,"mn":"ADBE Vector Group","hd":false},{"ty":"gr","it":[{"ind":0,"ty":"sh","ix":1,"ks":{"a":0,"k":{"i":[[-0.312,3.501],[-8.775,-0.304],[3.532,0.123],[0.873,-9.808]],"o":[[0.6,-6.731],[3.537,0.123],[-12.332,-0.427],[-0.313,3.521]],"v":[[-5.613,11.506],[7.885,-9.104],[7.885,-14.6],[-11.109,11.506]],"c":true},"ix":2},"nm":"Path 1","mn":"ADBE Vector Shape - Group","hd":false},{"ty":"fl","c":{"a":0,"k":[0.607999973671,0.352999997606,0.263000009574,1],"ix":4},"o":{"a":0,"k":100,"ix":5},"r":1,"bm":0,"nm":"Fill 1","mn":"ADBE Vector Graphic - Fill","hd":false},{"ty":"tr","p":{"a":0,"k":[114.988,139.821],"ix":2},"a":{"a":0,"k":[0,0],"ix":1},"s":{"a":0,"k":[100,100],"ix":3},"r":{"a":0,"k":0,"ix":6},"o":{"a":0,"k":100,"ix":7},"sk":{"a":0,"k":0,"ix":4},"sa":{"a":0,"k":0,"ix":5},"nm":"Transform"}],"nm":"Group 2","np":2,"cix":2,"bm":0,"ix":2,"mn":"ADBE Vector Group","hd":false},{"ty":"gr","it":[{"ind":0,"ty":"sh","ix":1,"ks":{"a":0,"k":{"i":[[-1.61,3.154],[-10.485,0.505],[3.542,-0.171],[5.087,-9.972]],"o":[[3.82,-7.487],[3.521,-0.17],[-13.829,0.666],[-1.604,3.143]],"v":[[-7.122,13.227],[9.931,-10.714],[9.931,-16.21],[-11.868,10.454]],"c":true},"ix":2},"nm":"Path 1","mn":"ADBE Vector Shape - Group","hd":false},{"ty":"fl","c":{"a":0,"k":[0.607999973671,0.352999997606,0.263000009574,1],"ix":4},"o":{"a":0,"k":100,"ix":5},"r":1,"bm":0,"nm":"Fill 1","mn":"ADBE Vector Graphic - Fill","hd":false},{"ty":"tr","p":{"a":0,"k":[96.696,110.547],"ix":2},"a":{"a":0,"k":[0,0],"ix":1},"s":{"a":0,"k":[100,100],"ix":3},"r":{"a":0,"k":0,"ix":6},"o":{"a":0,"k":100,"ix":7},"sk":{"a":0,"k":0,"ix":4},"sa":{"a":0,"k":0,"ix":5},"nm":"Transform"}],"nm":"Group 3","np":2,"cix":2,"bm":0,"ix":3,"mn":"ADBE Vector Group","hd":false},{"ty":"gr","it":[{"ind":0,"ty":"sh","ix":1,"ks":{"a":0,"k":{"i":[[-1.318,3.238],[-12.607,0.443],[3.543,-0.125],[5.651,-13.877]],"o":[[4.694,-11.526],[3.527,-0.123],[-15.277,0.535],[-1.333,3.273]],"v":[[-12.967,11.988],[16.056,-9.607],[16.056,-15.102],[-18.266,10.529]],"c":true},"ix":2},"nm":"Path 1","mn":"ADBE Vector Shape - Group","hd":false},{"ty":"fl","c":{"a":0,"k":[0.607999973671,0.352999997606,0.263000009574,1],"ix":4},"o":{"a":0,"k":100,"ix":5},"r":1,"bm":0,"nm":"Fill 1","mn":"ADBE Vector Graphic - Fill","hd":false},{"ty":"tr","p":{"a":0,"k":[83.813,90.586],"ix":2},"a":{"a":0,"k":[0,0],"ix":1},"s":{"a":0,"k":[100,100],"ix":3},"r":{"a":0,"k":0,"ix":6},"o":{"a":0,"k":100,"ix":7},"sk":{"a":0,"k":0,"ix":4},"sa":{"a":0,"k":0,"ix":5},"nm":"Transform"}],"nm":"Group 4","np":2,"cix":2,"bm":0,"ix":4,"mn":"ADBE Vector Group","hd":false},{"ty":"gr","it":[{"ind":0,"ty":"sh","ix":1,"ks":{"a":0,"k":{"i":[[65.63,66.822],[2.818,10.707],[17.183,7.798],[38.671,-32.709],[-16.578,6.332],[-1.649,-17.67],[9.818,-10.931],[-8.376,-12.072],[-3.432,2.641],[-1.929,-9.641],[-4.856,3.51],[-22.465,15.412],[-25.788,3.733],[-103.501,-59.386],[-15.225,21.206],[-13.082,43.688],[8.475,2.704],[42.629,9.34],[21.982,-75.567]],"o":[[-6.783,-6.841],[-4.801,-18.249],[-46.123,-20.93],[13.441,11.587],[16.577,-6.332],[-13.808,5.021],[-9.818,10.931],[3.883,1.915],[-4.594,16.271],[5.961,0.604],[-2.814,19.043],[9.024,-6.193],[74.471,93.237],[83.811,48.088],[20.715,-28.853],[1.583,-5.288],[-41.766,-13.327],[-11.328,60.638],[-85.953,-38.961]],"v":[[-112.525,-117.137],[-143.626,-181.947],[-182.12,-220.861],[-324.768,-201.044],[-274.495,-204.818],[-230.737,-191.375],[-268.525,-169.593],[-274.042,-129.126],[-261.773,-130.343],[-255.987,-101.422],[-239.007,-105.983],[-214.923,-82.457],[-170.507,-53.221],[77.122,193.702],[221.387,201.945],[323.185,-40.952],[280.236,-72.141],[156.811,-166.275],[121.089,31.576]],"c":true},"ix":2},"nm":"Path 1","mn":"ADBE Vector Shape - Group","hd":false},{"ty":"fl","c":{"a":0,"k":[0.74900004069,0.470999983245,0.33300000359,1],"ix":4},"o":{"a":0,"k":100,"ix":5},"r":1,"bm":0,"nm":"Fill 1","mn":"ADBE Vector Graphic - Fill","hd":false},{"ty":"tr","p":{"a":0,"k":[325.018,242.041],"ix":2},"a":{"a":0,"k":[0,0],"ix":1},"s":{"a":0,"k":[100,100],"ix":3},"r":{"a":0,"k":0,"ix":6},"o":{"a":0,"k":100,"ix":7},"sk":{"a":0,"k":0,"ix":4},"sa":{"a":0,"k":0,"ix":5},"nm":"Transform"}],"nm":"Group 5","np":2,"cix":2,"bm":0,"ix":5,"mn":"ADBE Vector Group","hd":false}],"ip":0,"op":300.00001221925,"st":0,"bm":0},{"ddd":0,"ind":4,"ty":4,"nm":"Layer 6 Outlines","sr":1,"ks":{"o":{"a":1,"k":[{"i":{"x":[0.833],"y":[0.833]},"o":{"x":[0.167],"y":[0.167]},"t":8,"s":[100]},{"i":{"x":[0.833],"y":[0.833]},"o":{"x":[0.167],"y":[0.167]},"t":10,"s":[0]},{"i":{"x":[0.833],"y":[0.833]},"o":{"x":[0.167],"y":[0.167]},"t":12,"s":[100]},{"i":{"x":[0.833],"y":[0.833]},"o":{"x":[0.167],"y":[0.167]},"t":40,"s":[100]},{"i":{"x":[0.833],"y":[0.833]},"o":{"x":[0.167],"y":[0.167]},"t":42,"s":[0]},{"i":{"x":[0.833],"y":[0.833]},"o":{"x":[0.167],"y":[0.167]},"t":44,"s":[100]},{"i":{"x":[0.833],"y":[0.833]},"o":{"x":[0.167],"y":[0.167]},"t":74,"s":[100]},{"i":{"x":[0.833],"y":[0.833]},"o":{"x":[0.167],"y":[0.167]},"t":76,"s":[0]},{"i":{"x":[0.833],"y":[0.833]},"o":{"x":[0.167],"y":[0.167]},"t":78,"s":[100]},{"i":{"x":[0.833],"y":[0.833]},"o":{"x":[0.167],"y":[0.167]},"t":112,"s":[100]},{"i":{"x":[0.833],"y":[0.833]},"o":{"x":[0.167],"y":[0.167]},"t":114,"s":[0]},{"t":116.000004724777,"s":[100]}],"ix":11},"r":{"a":0,"k":0,"ix":10},"p":{"a":0,"k":[635.511,466.213,0],"ix":2},"a":{"a":0,"k":[41.892,24.094,0],"ix":1},"s":{"a":0,"k":[100,100,100],"ix":6}},"ao":0,"shapes":[{"ty":"gr","it":[{"ind":0,"ty":"sh","ix":1,"ks":{"a":0,"k":{"i":[[-2.567,-5.199],[3.2,-1.58],[2.566,5.198],[-3.2,1.581]],"o":[[2.567,5.198],[-3.2,1.58],[-2.568,-5.199],[3.2,-1.58]],"v":[[5.794,-2.861],[4.649,9.413],[-5.793,2.862],[-4.649,-9.413]],"c":true},"ix":2},"nm":"Path 1","mn":"ADBE Vector Shape - Group","hd":false},{"ty":"fl","c":{"a":0,"k":[0.368999974868,0.26699999641,0.231000010173,1],"ix":4},"o":{"a":0,"k":100,"ix":5},"r":1,"bm":0,"nm":"Fill 1","mn":"ADBE Vector Graphic - Fill","hd":false},{"ty":"tr","p":{"a":0,"k":[75.172,11.243],"ix":2},"a":{"a":0,"k":[0,0],"ix":1},"s":{"a":0,"k":[100,100],"ix":3},"r":{"a":0,"k":0,"ix":6},"o":{"a":0,"k":100,"ix":7},"sk":{"a":0,"k":0,"ix":4},"sa":{"a":0,"k":0,"ix":5},"nm":"Transform"}],"nm":"Group 1","np":2,"cix":2,"bm":0,"ix":1,"mn":"ADBE Vector Group","hd":false},{"ty":"gr","it":[{"ind":0,"ty":"sh","ix":1,"ks":{"a":0,"k":{"i":[[-2.568,-5.198],[3.2,-1.58],[2.567,5.198],[-3.2,1.581]],"o":[[2.567,5.199],[-3.199,1.58],[-2.567,-5.198],[3.2,-1.58]],"v":[[5.794,-2.862],[4.648,9.413],[-5.794,2.862],[-4.649,-9.412]],"c":true},"ix":2},"nm":"Path 1","mn":"ADBE Vector Shape - Group","hd":false},{"ty":"fl","c":{"a":0,"k":[0.368999974868,0.26699999641,0.231000010173,1],"ix":4},"o":{"a":0,"k":100,"ix":5},"r":1,"bm":0,"nm":"Fill 1","mn":"ADBE Vector Graphic - Fill","hd":false},{"ty":"tr","p":{"a":0,"k":[8.611,36.946],"ix":2},"a":{"a":0,"k":[0,0],"ix":1},"s":{"a":0,"k":[100,100],"ix":3},"r":{"a":0,"k":0,"ix":6},"o":{"a":0,"k":100,"ix":7},"sk":{"a":0,"k":0,"ix":4},"sa":{"a":0,"k":0,"ix":5},"nm":"Transform"}],"nm":"Group 2","np":2,"cix":2,"bm":0,"ix":2,"mn":"ADBE Vector Group","hd":false}],"ip":0,"op":300.00001221925,"st":0,"bm":0},{"ddd":0,"ind":5,"ty":4,"nm":"Layer 5 Outlines","sr":1,"ks":{"o":{"a":0,"k":100,"ix":11},"r":{"a":0,"k":0,"ix":10},"p":{"a":0,"k":[683.427,418.61,0],"ix":2},"a":{"a":0,"k":[189.579,184.883,0],"ix":1},"s":{"a":0,"k":[100,100,100],"ix":6}},"ao":0,"shapes":[{"ty":"gr","it":[{"ind":0,"ty":"sh","ix":1,"ks":{"a":0,"k":{"i":[[0.379,-3.484],[-12.386,-0.928],[3.512,0.263],[-1.022,9.406]],"o":[[-1.365,12.553],[3.529,0.265],[-9.639,-0.723],[0.382,-3.511]],"v":[[-11.615,-10.763],[9.452,14.009],[9.452,8.513],[-6.12,-10.763]],"c":true},"ix":2},"nm":"Path 1","mn":"ADBE Vector Shape - Group","hd":false},{"ty":"fl","c":{"a":0,"k":[0.647000002394,0.322000002394,0.20800000359,1],"ix":4},"o":{"a":0,"k":100,"ix":5},"r":1,"bm":0,"nm":"Fill 1","mn":"ADBE Vector Graphic - Fill","hd":false},{"ty":"tr","p":{"a":0,"k":[330.446,164.19],"ix":2},"a":{"a":0,"k":[0,0],"ix":1},"s":{"a":0,"k":[100,100],"ix":3},"r":{"a":0,"k":0,"ix":6},"o":{"a":0,"k":100,"ix":7},"sk":{"a":0,"k":0,"ix":4},"sa":{"a":0,"k":0,"ix":5},"nm":"Transform"}],"nm":"Group 1","np":2,"cix":2,"bm":0,"ix":1,"mn":"ADBE Vector Group","hd":false},{"ty":"gr","it":[{"ind":0,"ty":"sh","ix":1,"ks":{"a":0,"k":{"i":[[-1.365,-3.222],[-9.243,13.633],[1.976,-2.914],[4.832,11.406]],"o":[[6.595,15.566],[1.99,-2.935],[-7.208,10.63],[-1.375,-3.247]],"v":[[-18.337,-5.338],[17.712,-2.275],[12.967,-5.049],[-13.591,-8.111]],"c":true},"ix":2},"nm":"Path 1","mn":"ADBE Vector Shape - Group","hd":false},{"ty":"fl","c":{"a":0,"k":[0.647000002394,0.322000002394,0.20800000359,1],"ix":4},"o":{"a":0,"k":100,"ix":5},"r":1,"bm":0,"nm":"Fill 1","mn":"ADBE Vector Graphic - Fill","hd":false},{"ty":"tr","p":{"a":0,"k":[105.994,121.943],"ix":2},"a":{"a":0,"k":[0,0],"ix":1},"s":{"a":0,"k":[100,100],"ix":3},"r":{"a":0,"k":0,"ix":6},"o":{"a":0,"k":100,"ix":7},"sk":{"a":0,"k":0,"ix":4},"sa":{"a":0,"k":0,"ix":5},"nm":"Transform"}],"nm":"Group 2","np":2,"cix":2,"bm":0,"ix":2,"mn":"ADBE Vector Group","hd":false},{"ty":"gr","it":[{"ind":0,"ty":"sh","ix":1,"ks":{"a":0,"k":{"i":[[-0.934,-3.422],[-11.426,12.8],[2.361,-2.645],[3.454,12.649]],"o":[[4.488,16.436],[2.347,-2.631],[-8.642,9.682],[-0.931,-3.409]],"v":[[-18.758,-8.241],[17.345,0.31],[13.458,-3.576],[-13.458,-9.701]],"c":true},"ix":2},"nm":"Path 1","mn":"ADBE Vector Shape - Group","hd":false},{"ty":"fl","c":{"a":0,"k":[0.647000002394,0.322000002394,0.20800000359,1],"ix":4},"o":{"a":0,"k":100,"ix":5},"r":1,"bm":0,"nm":"Fill 1","mn":"ADBE Vector Graphic - Fill","hd":false},{"ty":"tr","p":{"a":0,"k":[295.277,50.712],"ix":2},"a":{"a":0,"k":[0,0],"ix":1},"s":{"a":0,"k":[100,100],"ix":3},"r":{"a":0,"k":0,"ix":6},"o":{"a":0,"k":100,"ix":7},"sk":{"a":0,"k":0,"ix":4},"sa":{"a":0,"k":0,"ix":5},"nm":"Transform"}],"nm":"Group 3","np":2,"cix":2,"bm":0,"ix":3,"mn":"ADBE Vector Group","hd":false},{"ty":"gr","it":[{"ind":0,"ty":"sh","ix":1,"ks":{"a":0,"k":{"i":[[-1.141,-3.362],[-11.06,4.962],[3.204,-1.438],[2.696,7.943]],"o":[[3.92,11.551],[3.222,-1.445],[-7.723,3.465],[-1.13,-3.331]],"v":[[-15.138,-6.17],[13.058,6],[10.284,1.255],[-9.84,-7.63]],"c":true},"ix":2},"nm":"Path 1","mn":"ADBE Vector Shape - Group","hd":false},{"ty":"fl","c":{"a":0,"k":[0.647000002394,0.322000002394,0.20800000359,1],"ix":4},"o":{"a":0,"k":100,"ix":5},"r":1,"bm":0,"nm":"Fill 1","mn":"ADBE Vector Graphic - Fill","hd":false},{"ty":"tr","p":{"a":0,"k":[53.28,193.451],"ix":2},"a":{"a":0,"k":[0,0],"ix":1},"s":{"a":0,"k":[100,100],"ix":3},"r":{"a":0,"k":0,"ix":6},"o":{"a":0,"k":100,"ix":7},"sk":{"a":0,"k":0,"ix":4},"sa":{"a":0,"k":0,"ix":5},"nm":"Transform"}],"nm":"Group 4","np":2,"cix":2,"bm":0,"ix":4,"mn":"ADBE Vector Group","hd":false},{"ty":"gr","it":[{"ind":0,"ty":"sh","ix":1,"ks":{"a":0,"k":{"i":[[-1.331,-3.282],[-10.2,-1.716],[3.486,0.587],[3.15,7.773]],"o":[[3.848,9.496],[3.46,0.582],[-8.174,-1.375],[-1.311,-3.235]],"v":[[-12.899,-7.033],[9.284,11.147],[10.745,5.847],[-7.6,-8.494]],"c":true},"ix":2},"nm":"Path 1","mn":"ADBE Vector Shape - Group","hd":false},{"ty":"fl","c":{"a":0,"k":[0.647000002394,0.322000002394,0.20800000359,1],"ix":4},"o":{"a":0,"k":100,"ix":5},"r":1,"bm":0,"nm":"Fill 1","mn":"ADBE Vector Graphic - Fill","hd":false},{"ty":"tr","p":{"a":0,"k":[315.258,111.761],"ix":2},"a":{"a":0,"k":[0,0],"ix":1},"s":{"a":0,"k":[100,100],"ix":3},"r":{"a":0,"k":0,"ix":6},"o":{"a":0,"k":100,"ix":7},"sk":{"a":0,"k":0,"ix":4},"sa":{"a":0,"k":0,"ix":5},"nm":"Transform"}],"nm":"Group 5","np":2,"cix":2,"bm":0,"ix":5,"mn":"ADBE Vector Group","hd":false},{"ty":"gr","it":[{"ind":0,"ty":"sh","ix":1,"ks":{"a":0,"k":{"i":[[-1.451,-3.2],[-15.605,2.688],[3.465,-0.597],[5.51,12.151]],"o":[[6.602,14.558],[3.478,-0.599],[-13.303,2.292],[-1.459,-3.217]],"v":[[-19.956,-8.195],[17.929,11.497],[16.468,6.198],[-15.21,-10.968]],"c":true},"ix":2},"nm":"Path 1","mn":"ADBE Vector Shape - Group","hd":false},{"ty":"fl","c":{"a":0,"k":[0.647000002394,0.322000002394,0.20800000359,1],"ix":4},"o":{"a":0,"k":100,"ix":5},"r":1,"bm":0,"nm":"Fill 1","mn":"ADBE Vector Graphic - Fill","hd":false},{"ty":"tr","p":{"a":0,"k":[280.586,124.521],"ix":2},"a":{"a":0,"k":[0,0],"ix":1},"s":{"a":0,"k":[100,100],"ix":3},"r":{"a":0,"k":0,"ix":6},"o":{"a":0,"k":100,"ix":7},"sk":{"a":0,"k":0,"ix":4},"sa":{"a":0,"k":0,"ix":5},"nm":"Transform"}],"nm":"Group 6","np":2,"cix":2,"bm":0,"ix":6,"mn":"ADBE Vector Group","hd":false},{"ty":"gr","it":[{"ind":0,"ty":"sh","ix":1,"ks":{"a":0,"k":{"i":[[-0.877,-3.434],[-16.036,21.722],[2.08,-2.818],[5.513,21.575]],"o":[[6.768,26.484],[2.102,-2.848],[-13.448,18.215],[-0.876,-3.425]],"v":[[-28.478,-13.699],[27.254,-3.138],[22.507,-5.912],[-23.178,-15.159]],"c":true},"ix":2},"nm":"Path 1","mn":"ADBE Vector Shape - Group","hd":false},{"ty":"fl","c":{"a":0,"k":[0.647000002394,0.322000002394,0.20800000359,1],"ix":4},"o":{"a":0,"k":100,"ix":5},"r":1,"bm":0,"nm":"Fill 1","mn":"ADBE Vector Graphic - Fill","hd":false},{"ty":"tr","p":{"a":0,"k":[257.128,77.83],"ix":2},"a":{"a":0,"k":[0,0],"ix":1},"s":{"a":0,"k":[100,100],"ix":3},"r":{"a":0,"k":0,"ix":6},"o":{"a":0,"k":100,"ix":7},"sk":{"a":0,"k":0,"ix":4},"sa":{"a":0,"k":0,"ix":5},"nm":"Transform"}],"nm":"Group 7","np":2,"cix":2,"bm":0,"ix":7,"mn":"ADBE Vector Group","hd":false},{"ty":"gr","it":[{"ind":0,"ty":"sh","ix":1,"ks":{"a":0,"k":{"i":[[-0.983,-3.411],[-16.064,12.527],[2.759,-2.151],[4.474,15.521]],"o":[[5.703,19.783],[2.786,-2.173],[-12.895,10.056],[-0.979,-3.393]],"v":[[-23.004,-10.873],[21.201,3.199],[17.314,-0.687],[-17.704,-12.334]],"c":true},"ix":2},"nm":"Path 1","mn":"ADBE Vector Shape - Group","hd":false},{"ty":"fl","c":{"a":0,"k":[0.647000002394,0.322000002394,0.20800000359,1],"ix":4},"o":{"a":0,"k":100,"ix":5},"r":1,"bm":0,"nm":"Fill 1","mn":"ADBE Vector Graphic - Fill","hd":false},{"ty":"tr","p":{"a":0,"k":[168.809,60.828],"ix":2},"a":{"a":0,"k":[0,0],"ix":1},"s":{"a":0,"k":[100,100],"ix":3},"r":{"a":0,"k":0,"ix":6},"o":{"a":0,"k":100,"ix":7},"sk":{"a":0,"k":0,"ix":4},"sa":{"a":0,"k":0,"ix":5},"nm":"Transform"}],"nm":"Group 8","np":2,"cix":2,"bm":0,"ix":8,"mn":"ADBE Vector Group","hd":false},{"ty":"gr","it":[{"ind":0,"ty":"sh","ix":1,"ks":{"a":0,"k":{"i":[[1.205,-3.302],[-13.383,-6.289],[-7.404,2.201],[-13.461,-6.497],[3.187,1.538],[12.246,-1.186],[5.479,-1.003],[5.266,3.965],[-2.02,5.535]],"o":[[-3.881,10.635],[7.798,3.665],[14.426,-4.287],[3.17,1.531],[-10.977,-5.299],[-5.657,0.548],[-5.564,1.019],[-5.556,-4.184],[1.215,-3.328]],"v":[[-34.107,-17.142],[-28.717,16.779],[-6.241,13.132],[36.141,17.053],[38.914,12.308],[4.25,5.519],[-12.025,9.365],[-30.741,7.542],[-28.809,-15.681]],"c":true},"ix":2},"nm":"Path 1","mn":"ADBE Vector Shape - Group","hd":false},{"ty":"fl","c":{"a":0,"k":[0.647000002394,0.322000002394,0.20800000359,1],"ix":4},"o":{"a":0,"k":100,"ix":5},"r":1,"bm":0,"nm":"Fill 1","mn":"ADBE Vector Graphic - Fill","hd":false},{"ty":"tr","p":{"a":0,"k":[108.881,82.01],"ix":2},"a":{"a":0,"k":[0,0],"ix":1},"s":{"a":0,"k":[100,100],"ix":3},"r":{"a":0,"k":0,"ix":6},"o":{"a":0,"k":100,"ix":7},"sk":{"a":0,"k":0,"ix":4},"sa":{"a":0,"k":0,"ix":5},"nm":"Transform"}],"nm":"Group 9","np":2,"cix":2,"bm":0,"ix":9,"mn":"ADBE Vector Group","hd":false},{"ty":"gr","it":[{"ind":0,"ty":"sh","ix":1,"ks":{"a":0,"k":{"i":[[3.11,-1.693],[-7.684,-6.772],[-6.785,9.455],[2.046,-2.851],[7.627,5.863],[-6.512,3.546]],"o":[[-9.621,5.239],[10.205,8.994],[2.064,-2.879],[-4.784,6.669],[-5.418,-4.165],[3.107,-1.692]],"v":[[-11.544,-16.729],[-12.952,9.427],[19.102,1.717],[14.355,-1.057],[-8.871,5.656],[-8.77,-11.982]],"c":true},"ix":2},"nm":"Path 1","mn":"ADBE Vector Shape - Group","hd":false},{"ty":"fl","c":{"a":0,"k":[0.647000002394,0.322000002394,0.20800000359,1],"ix":4},"o":{"a":0,"k":100,"ix":5},"r":1,"bm":0,"nm":"Fill 1","mn":"ADBE Vector Graphic - Fill","hd":false},{"ty":"tr","p":{"a":0,"k":[68.318,149.317],"ix":2},"a":{"a":0,"k":[0,0],"ix":1},"s":{"a":0,"k":[100,100],"ix":3},"r":{"a":0,"k":0,"ix":6},"o":{"a":0,"k":100,"ix":7},"sk":{"a":0,"k":0,"ix":4},"sa":{"a":0,"k":0,"ix":5},"nm":"Transform"}],"nm":"Group 10","np":2,"cix":2,"bm":0,"ix":10,"mn":"ADBE Vector Group","hd":false},{"ty":"gr","it":[{"ind":0,"ty":"sh","ix":1,"ks":{"a":0,"k":{"i":[[1.406,3.212],[-1.565,-5.216],[-0.58,-2.082],[-0.706,-3.224],[6.411,-4.829],[-2.828,2.131],[0.958,7.244],[7.21,9.193],[-6.144,-14.026]],"o":[[7.303,-3.651],[0.971,1.926],[1.046,3.136],[1.377,6.284],[-2.791,2.102],[6.093,-4.589],[-1.477,-11.167],[-7.647,-9.749],[1.416,3.232]],"v":[[-8.002,-17.756],[5.3,-15.409],[7.627,-9.397],[10.121,0.208],[9.997,25.657],[12.77,30.403],[17.934,12.446],[7.456,-22.785],[-12.748,-14.982]],"c":true},"ix":2},"nm":"Path 1","mn":"ADBE Vector Shape - Group","hd":false},{"ty":"fl","c":{"a":0,"k":[0.607999973671,0.352999997606,0.263000009574,1],"ix":4},"o":{"a":0,"k":100,"ix":5},"r":1,"bm":0,"nm":"Fill 1","mn":"ADBE Vector Graphic - Fill","hd":false},{"ty":"tr","p":{"a":0,"k":[281.625,194.177],"ix":2},"a":{"a":0,"k":[0,0],"ix":1},"s":{"a":0,"k":[100,100],"ix":3},"r":{"a":0,"k":0,"ix":6},"o":{"a":0,"k":100,"ix":7},"sk":{"a":0,"k":0,"ix":4},"sa":{"a":0,"k":0,"ix":5},"nm":"Transform"}],"nm":"Group 11","np":2,"cix":2,"bm":0,"ix":11,"mn":"ADBE Vector Group","hd":false},{"ty":"gr","it":[{"ind":0,"ty":"sh","ix":1,"ks":{"a":0,"k":{"i":[[1.181,3.347],[-4.819,0.929],[-6.479,-1.322],[3.468,0.708],[9.184,-4.157],[-2.479,-7.023]],"o":[[-2.49,-7.057],[6.523,-1.257],[3.453,0.705],[-9.638,-1.967],[-6.057,2.742],[1.169,3.312]],"v":[[-14.774,6.657],[-1.917,-4.185],[17.622,-3.818],[19.084,-9.117],[-10.943,-7.273],[-20.073,8.118]],"c":true},"ix":2},"nm":"Path 1","mn":"ADBE Vector Shape - Group","hd":false},{"ty":"fl","c":{"a":0,"k":[0.556999954523,0.250999989229,0.122000002394,1],"ix":4},"o":{"a":0,"k":100,"ix":5},"r":1,"bm":0,"nm":"Fill 1","mn":"ADBE Vector Graphic - Fill","hd":false},{"ty":"tr","p":{"a":0,"k":[97.605,219.82],"ix":2},"a":{"a":0,"k":[0,0],"ix":1},"s":{"a":0,"k":[100,100],"ix":3},"r":{"a":0,"k":0,"ix":6},"o":{"a":0,"k":100,"ix":7},"sk":{"a":0,"k":0,"ix":4},"sa":{"a":0,"k":0,"ix":5},"nm":"Transform"}],"nm":"Group 12","np":2,"cix":2,"bm":0,"ix":12,"mn":"ADBE Vector Group","hd":false},{"ty":"gr","it":[{"ind":0,"ty":"sh","ix":1,"ks":{"a":0,"k":{"i":[[-1.481,3.212],[-19.651,1.723],[3.528,-0.31],[9.078,-19.682]],"o":[[8.227,-17.837],[3.496,-0.307],[-21.513,1.885],[-1.471,3.19]],"v":[[-20.903,17.101],[23.592,-14.509],[23.592,-20.004],[-25.65,14.328]],"c":true},"ix":2},"nm":"Path 1","mn":"ADBE Vector Shape - Group","hd":false},{"ty":"fl","c":{"a":0,"k":[0.556999954523,0.250999989229,0.122000002394,1],"ix":4},"o":{"a":0,"k":100,"ix":5},"r":1,"bm":0,"nm":"Fill 1","mn":"ADBE Vector Graphic - Fill","hd":false},{"ty":"tr","p":{"a":0,"k":[174.786,181.154],"ix":2},"a":{"a":0,"k":[0,0],"ix":1},"s":{"a":0,"k":[100,100],"ix":3},"r":{"a":0,"k":0,"ix":6},"o":{"a":0,"k":100,"ix":7},"sk":{"a":0,"k":0,"ix":4},"sa":{"a":0,"k":0,"ix":5},"nm":"Transform"}],"nm":"Group 13","np":2,"cix":2,"bm":0,"ix":13,"mn":"ADBE Vector Group","hd":false},{"ty":"gr","it":[{"ind":0,"ty":"sh","ix":1,"ks":{"a":0,"k":{"i":[[-3.464,0.492],[-6.292,3.045],[3.174,-1.536],[6.445,-0.914]],"o":[[6.928,-0.982],[3.183,-1.54],[-5.864,2.837],[-3.487,0.494]],"v":[[-9.005,5.946],[10.77,-0.157],[7.996,-4.902],[-10.466,0.647]],"c":true},"ix":2},"nm":"Path 1","mn":"ADBE Vector Shape - Group","hd":false},{"ty":"fl","c":{"a":0,"k":[0.607999973671,0.352999997606,0.263000009574,1],"ix":4},"o":{"a":0,"k":100,"ix":5},"r":1,"bm":0,"nm":"Fill 1","mn":"ADBE Vector Graphic - Fill","hd":false},{"ty":"tr","p":{"a":0,"k":[187.525,318.799],"ix":2},"a":{"a":0,"k":[0,0],"ix":1},"s":{"a":0,"k":[100,100],"ix":3},"r":{"a":0,"k":0,"ix":6},"o":{"a":0,"k":100,"ix":7},"sk":{"a":0,"k":0,"ix":4},"sa":{"a":0,"k":0,"ix":5},"nm":"Transform"}],"nm":"Group 14","np":2,"cix":2,"bm":0,"ix":14,"mn":"ADBE Vector Group","hd":false},{"ty":"gr","it":[{"ind":0,"ty":"sh","ix":1,"ks":{"a":0,"k":{"i":[[-1.132,3.336],[-6.791,1.185],[-3.686,0.453],[-9.826,-1.644],[3.486,0.583],[4.001,-2.459],[1.595,-1.152],[4.759,0.415],[2.82,-8.313]],"o":[[2.021,-5.958],[3.848,-0.671],[7.741,-0.949],[3.459,0.579],[-4.496,-0.753],[-1.759,1.082],[-5.582,4.025],[-10.646,-0.926],[-1.139,3.357]],"v":[[-18.76,12.009],[-7.734,-1.533],[2.121,-0.233],[20.251,-9.293],[21.712,-14.592],[8.874,-12.615],[4.541,-8.722],[-5.634,-7.78],[-24.059,10.548]],"c":true},"ix":2},"nm":"Path 1","mn":"ADBE Vector Shape - Group","hd":false},{"ty":"fl","c":{"a":0,"k":[0.607999973671,0.352999997606,0.263000009574,1],"ix":4},"o":{"a":0,"k":100,"ix":5},"r":1,"bm":0,"nm":"Fill 1","mn":"ADBE Vector Graphic - Fill","hd":false},{"ty":"tr","p":{"a":0,"k":[185.536,308.058],"ix":2},"a":{"a":0,"k":[0,0],"ix":1},"s":{"a":0,"k":[100,100],"ix":3},"r":{"a":0,"k":0,"ix":6},"o":{"a":0,"k":100,"ix":7},"sk":{"a":0,"k":0,"ix":4},"sa":{"a":0,"k":0,"ix":5},"nm":"Transform"}],"nm":"Group 15","np":2,"cix":2,"bm":0,"ix":15,"mn":"ADBE Vector Group","hd":false},{"ty":"gr","it":[{"ind":0,"ty":"sh","ix":1,"ks":{"a":0,"k":{"i":[[-0.508,-3.466],[2.328,-13.877],[-0.97,-7.081],[-10.272,-2.716],[3.422,0.905],[5.822,0.006],[-0.087,8.383],[-0.706,2.504],[1.206,6.301],[1.424,9.715]],"o":[[1.873,12.777],[-1.16,6.917],[2.247,16.408],[3.422,0.905],[-5.73,-1.515],[-5.922,-0.005],[0.027,-2.649],[1.696,-6.017],[-1.78,-9.302],[-0.511,-3.487]],"v":[[-22.631,-32.782],[-10.503,-0.129],[-15.282,21.322],[18.258,32.153],[19.718,26.853],[2.331,26.638],[-9.815,18.113],[-7.154,9.373],[-4.627,-10.048],[-17.331,-34.243]],"c":true},"ix":2},"nm":"Path 1","mn":"ADBE Vector Shape - Group","hd":false},{"ty":"fl","c":{"a":0,"k":[0.607999973671,0.352999997606,0.263000009574,1],"ix":4},"o":{"a":0,"k":100,"ix":5},"r":1,"bm":0,"nm":"Fill 1","mn":"ADBE Vector Graphic - Fill","hd":false},{"ty":"tr","p":{"a":0,"k":[152.224,260.706],"ix":2},"a":{"a":0,"k":[0,0],"ix":1},"s":{"a":0,"k":[100,100],"ix":3},"r":{"a":0,"k":0,"ix":6},"o":{"a":0,"k":100,"ix":7},"sk":{"a":0,"k":0,"ix":4},"sa":{"a":0,"k":0,"ix":5},"nm":"Transform"}],"nm":"Group 16","np":2,"cix":2,"bm":0,"ix":16,"mn":"ADBE Vector Group","hd":false},{"ty":"gr","it":[{"ind":0,"ty":"sh","ix":1,"ks":{"a":0,"k":{"i":[[9.193,22.584],[26.987,-15.552],[0,0],[-11.633,-0.476]],"o":[[-2.311,-5.677],[-24.861,14.327],[0.083,11.642],[22.369,0.916]],"v":[[28.256,-0.393],[-12.587,-38.234],[-18.582,16.729],[11.079,52.87]],"c":true},"ix":2},"nm":"Path 1","mn":"ADBE Vector Shape - Group","hd":false},{"ty":"fl","c":{"a":0,"k":[0.74900004069,0.470999983245,0.33300000359,1],"ix":4},"o":{"a":0,"k":100,"ix":5},"r":1,"bm":0,"nm":"Fill 1","mn":"ADBE Vector Graphic - Fill","hd":false},{"ty":"tr","p":{"a":0,"k":[280.194,191.091],"ix":2},"a":{"a":0,"k":[0,0],"ix":1},"s":{"a":0,"k":[100,100],"ix":3},"r":{"a":0,"k":0,"ix":6},"o":{"a":0,"k":100,"ix":7},"sk":{"a":0,"k":0,"ix":4},"sa":{"a":0,"k":0,"ix":5},"nm":"Transform"}],"nm":"Group 17","np":2,"cix":2,"bm":0,"ix":17,"mn":"ADBE Vector Group","hd":false},{"ty":"gr","it":[{"ind":0,"ty":"sh","ix":1,"ks":{"a":0,"k":{"i":[[6.021,-37.579],[6.298,-10.341],[-6.678,-10.024],[-0.763,-9.922],[-13.832,-0.133],[6.853,12.015],[-10.194,1.265],[0.745,10.247],[-6.702,9.437],[-4.386,-0.551],[-39.919,2.711],[-4.191,-15.606],[-23.131,-13.776],[-2.699,-6.978],[-0.367,-7.472],[-25.471,6.87],[-7.404,9.785],[1.537,11.522],[3.465,7.685],[10.606,15.258],[7.294,6.355],[2.026,15.717],[20.112,-10.671],[7.593,-2.497],[4.382,-6.685],[18.302,-7.681],[14.34,0.657],[20.975,-3.453],[12.697,-5.895]],"o":[[-1.915,11.955],[-6.265,10.287],[5.518,8.281],[1.452,18.871],[24.76,0.241],[9.529,3.841],[10.196,-1.266],[-0.863,-11.862],[2.559,-3.604],[57.66,7.246],[13.78,-3.208],[10.478,39.014],[6.882,-2.931],[2.7,6.977],[0.829,16.867],[32.14,-21.923],[7.014,-9.269],[-1.115,-8.355],[-7.638,-16.939],[-5.522,-7.944],[-11.951,-10.408],[-2.911,-22.58],[1.035,-7.926],[-7.594,2.497],[-2.328,-19.712],[-13.237,5.556],[-19.166,-0.88],[-12.997,2.139],[-40.624,18.857]],"v":[[-156.002,-22.972],[-181.383,1.688],[-174.148,35.021],[-171.669,73.272],[-140.582,97.949],[-104.439,63.285],[-74.669,69.775],[-55.128,49.834],[-63.304,16.696],[-51.73,12.029],[6.166,-28.037],[42.856,-6.388],[82.367,51.497],[94.692,79.973],[107.044,92.143],[155.508,124.448],[158.645,82.132],[179.37,55.882],[164.912,35.596],[173.465,-16.895],[148.516,-30.972],[141.976,-76.465],[90.301,-103.196],[73.398,-114.052],[56.479,-97.741],[12.072,-123.637],[-25.602,-104.312],[-73.718,-118.206],[-121.511,-97.641]],"c":true},"ix":2},"nm":"Path 1","mn":"ADBE Vector Shape - Group","hd":false},{"ty":"fl","c":{"a":0,"k":[0.556999954523,0.250999989229,0.122000002394,1],"ix":4},"o":{"a":0,"k":100,"ix":5},"r":1,"bm":0,"nm":"Fill 1","mn":"ADBE Vector Graphic - Fill","hd":false},{"ty":"tr","p":{"a":0,"k":[191.261,131.568],"ix":2},"a":{"a":0,"k":[0,0],"ix":1},"s":{"a":0,"k":[100,100],"ix":3},"r":{"a":0,"k":0,"ix":6},"o":{"a":0,"k":100,"ix":7},"sk":{"a":0,"k":0,"ix":4},"sa":{"a":0,"k":0,"ix":5},"nm":"Transform"}],"nm":"Group 18","np":2,"cix":2,"bm":0,"ix":18,"mn":"ADBE Vector Group","hd":false},{"ty":"gr","it":[{"ind":0,"ty":"sh","ix":1,"ks":{"a":0,"k":{"i":[[13.73,-98.417],[-28.681,-18.986],[-28.816,0.723],[-19.16,34.889],[3.02,39.689],[17.409,26.739],[15.402,4.918],[10.96,-0.412],[15.467,-0.582]],"o":[[-7.2,51.608],[7.361,4.873],[46.531,-1.166],[19.16,-34.889],[-2.42,-31.816],[-8.821,-13.55],[-10.448,-3.336],[-15.467,0.582],[-159.034,5.985]],"v":[[-87.27,-12.111],[-6.921,132.179],[60.689,154.094],[136.369,78.691],[136.369,-16.474],[118.653,-120.555],[82.535,-151.481],[49.907,-154.026],[3.504,-152.279]],"c":true},"ix":2},"nm":"Path 1","mn":"ADBE Vector Shape - Group","hd":false},{"ty":"fl","c":{"a":0,"k":[0.74900004069,0.470999983245,0.33300000359,1],"ix":4},"o":{"a":0,"k":100,"ix":5},"r":1,"bm":0,"nm":"Fill 1","mn":"ADBE Vector Graphic - Fill","hd":false},{"ty":"tr","p":{"a":0,"k":[155.779,214.698],"ix":2},"a":{"a":0,"k":[0,0],"ix":1},"s":{"a":0,"k":[100,100],"ix":3},"r":{"a":0,"k":0,"ix":6},"o":{"a":0,"k":100,"ix":7},"sk":{"a":0,"k":0,"ix":4},"sa":{"a":0,"k":0,"ix":5},"nm":"Transform"}],"nm":"Group 19","np":2,"cix":2,"bm":0,"ix":19,"mn":"ADBE Vector Group","hd":false}],"ip":0,"op":300.00001221925,"st":0,"bm":0},{"ddd":0,"ind":6,"ty":4,"nm":"Layer 4 Outlines","sr":1,"ks":{"o":{"a":0,"k":100,"ix":11},"r":{"a":0,"k":0,"ix":10},"p":{"a":0,"k":[790.571,542.814,0],"ix":2},"a":{"a":0,"k":[135.688,129.261,0],"ix":1},"s":{"a":0,"k":[100,100,100],"ix":6}},"ao":0,"shapes":[{"ty":"gr","it":[{"ind":0,"ty":"sh","ix":1,"ks":{"a":0,"k":{"i":[[9.87,-5.037],[10.192,-4.345],[-33.946,4.491],[-9.064,50.498],[0,0],[21.869,29.032],[48.56,-0.781]],"o":[[-9.607,4.903],[19.675,28.024],[50.862,-6.729],[0,0],[-21.803,-32.308],[-19.348,44.546],[9.682,24.569]],"v":[[-90.207,64.839],[-118.213,80.964],[2.126,124.52],[135.438,30.763],[92.962,18.617],[3.722,-129.011],[-135.438,-33.835]],"c":true},"ix":2},"nm":"Path 1","mn":"ADBE Vector Shape - Group","hd":false},{"ty":"fl","c":{"a":0,"k":[0.666999966491,0.40800000359,0.294000004787,1],"ix":4},"o":{"a":0,"k":100,"ix":5},"r":1,"bm":0,"nm":"Fill 1","mn":"ADBE Vector Graphic - Fill","hd":false},{"ty":"tr","p":{"a":0,"k":[135.688,129.261],"ix":2},"a":{"a":0,"k":[0,0],"ix":1},"s":{"a":0,"k":[100,100],"ix":3},"r":{"a":0,"k":0,"ix":6},"o":{"a":0,"k":100,"ix":7},"sk":{"a":0,"k":0,"ix":4},"sa":{"a":0,"k":0,"ix":5},"nm":"Transform"}],"nm":"Group 1","np":2,"cix":2,"bm":0,"ix":1,"mn":"ADBE Vector Group","hd":false}],"ip":0,"op":300.00001221925,"st":0,"bm":0},{"ddd":0,"ind":7,"ty":4,"nm":"Layer 1 Outlines","sr":1,"ks":{"o":{"a":0,"k":100,"ix":11},"r":{"a":0,"k":0,"ix":10},"p":{"a":0,"k":[823.933,997.478,0],"ix":2},"a":{"a":0,"k":[319.929,424.15,0],"ix":1},"s":{"a":0,"k":[100,100,100],"ix":6}},"ao":0,"shapes":[{"ty":"gr","it":[{"ind":0,"ty":"sh","ix":1,"ks":{"a":0,"k":{"i":[[-2.675,-2.325],[-22.211,-2.18],[-32.456,-3.185],[3.493,0.344],[27.192,2.67],[13.156,1.307],[11.389,9.901]],"o":[[17.881,15.544],[32.455,3.186],[3.517,0.346],[-27.193,-2.669],[-13.158,-1.291],[-14.343,-1.424],[-2.658,-2.31]],"v":[[-83.072,-9.907],[-15.136,6.199],[82.23,15.757],[82.23,10.261],[0.653,2.253],[-38.82,-1.622],[-79.186,-13.793]],"c":true},"ix":2},"nm":"Path 1","mn":"ADBE Vector Shape - Group","hd":false},{"ty":"fl","c":{"a":0,"k":[0.560999971278,0.611999990426,0.757000014361,1],"ix":4},"o":{"a":0,"k":100,"ix":5},"r":1,"bm":0,"nm":"Fill 1","mn":"ADBE Vector Graphic - Fill","hd":false},{"ty":"tr","p":{"a":0,"k":[297.029,712.558],"ix":2},"a":{"a":0,"k":[0,0],"ix":1},"s":{"a":0,"k":[100,100],"ix":3},"r":{"a":0,"k":0,"ix":6},"o":{"a":0,"k":100,"ix":7},"sk":{"a":0,"k":0,"ix":4},"sa":{"a":0,"k":0,"ix":5},"nm":"Transform"}],"nm":"Group 1","np":2,"cix":2,"bm":0,"ix":1,"mn":"ADBE Vector Group","hd":false},{"ty":"gr","it":[{"ind":0,"ty":"sh","ix":1,"ks":{"a":0,"k":{"i":[[-1.845,-3.032],[-66.655,-15.096],[3.453,0.782],[34.797,57.219]],"o":[[35.504,58.381],[3.443,0.78],[-65.302,-14.79],[-1.836,-3.018]],"v":[[-81.643,-55.157],[78.574,60.169],[80.035,54.87],[-76.897,-57.93]],"c":true},"ix":2},"nm":"Path 1","mn":"ADBE Vector Shape - Group","hd":false},{"ty":"fl","c":{"a":0,"k":[0.560999971278,0.611999990426,0.757000014361,1],"ix":4},"o":{"a":0,"k":100,"ix":5},"r":1,"bm":0,"nm":"Fill 1","mn":"ADBE Vector Graphic - Fill","hd":false},{"ty":"tr","p":{"a":0,"k":[312.725,617.324],"ix":2},"a":{"a":0,"k":[0,0],"ix":1},"s":{"a":0,"k":[100,100],"ix":3},"r":{"a":0,"k":0,"ix":6},"o":{"a":0,"k":100,"ix":7},"sk":{"a":0,"k":0,"ix":4},"sa":{"a":0,"k":0,"ix":5},"nm":"Transform"}],"nm":"Group 2","np":2,"cix":2,"bm":0,"ix":2,"mn":"ADBE Vector Group","hd":false},{"ty":"gr","it":[{"ind":0,"ty":"sh","ix":1,"ks":{"a":0,"k":{"i":[[-2.447,-2.556],[-26.837,-26.577],[-29.61,-8.262],[3.408,0.952],[22.577,23.03],[24.058,25.118]],"o":[[26.125,27.274],[21.506,21.297],[3.412,0.952],[-31.724,-8.852],[-24.349,-24.835],[-2.452,-2.559]],"v":[[-77.929,-62.456],[0.657,19.276],[75.508,67.95],[76.968,62.65],[-1.814,8.984],[-74.042,-66.342]],"c":true},"ix":2},"nm":"Path 1","mn":"ADBE Vector Shape - Group","hd":false},{"ty":"fl","c":{"a":0,"k":[0.560999971278,0.611999990426,0.757000014361,1],"ix":4},"o":{"a":0,"k":100,"ix":5},"r":1,"bm":0,"nm":"Fill 1","mn":"ADBE Vector Graphic - Fill","hd":false},{"ty":"tr","p":{"a":0,"k":[279.354,297.809],"ix":2},"a":{"a":0,"k":[0,0],"ix":1},"s":{"a":0,"k":[100,100],"ix":3},"r":{"a":0,"k":0,"ix":6},"o":{"a":0,"k":100,"ix":7},"sk":{"a":0,"k":0,"ix":4},"sa":{"a":0,"k":0,"ix":5},"nm":"Transform"}],"nm":"Group 3","np":2,"cix":2,"bm":0,"ix":3,"mn":"ADBE Vector Group","hd":false},{"ty":"gr","it":[{"ind":0,"ty":"sh","ix":1,"ks":{"a":0,"k":{"i":[[-2.955,-1.927],[-21.355,-5.062],[-21.013,2.522],[-32.658,26.126],[2.737,-2.189],[41.615,-4.126],[18.75,4.444],[17.766,11.588]],"o":[[18.159,11.845],[20.7,4.907],[41.605,-4.993],[2.762,-2.209],[-32.589,26.072],[-19.107,1.894],[-20.906,-4.956],[-2.971,-1.939]],"v":[[-117.603,-5.461],[-59.477,23.401],[4.546,25.716],[117.796,-22.232],[113.91,-26.118],[0.038,20.72],[-58.016,18.102],[-114.829,-10.206]],"c":true},"ix":2},"nm":"Path 1","mn":"ADBE Vector Shape - Group","hd":false},{"ty":"fl","c":{"a":0,"k":[0.560999971278,0.611999990426,0.757000014361,1],"ix":4},"o":{"a":0,"k":100,"ix":5},"r":1,"bm":0,"nm":"Fill 1","mn":"ADBE Vector Graphic - Fill","hd":false},{"ty":"tr","p":{"a":0,"k":[286.831,90.563],"ix":2},"a":{"a":0,"k":[0,0],"ix":1},"s":{"a":0,"k":[100,100],"ix":3},"r":{"a":0,"k":0,"ix":6},"o":{"a":0,"k":100,"ix":7},"sk":{"a":0,"k":0,"ix":4},"sa":{"a":0,"k":0,"ix":5},"nm":"Transform"}],"nm":"Group 4","np":2,"cix":2,"bm":0,"ix":4,"mn":"ADBE Vector Group","hd":false},{"ty":"gr","it":[{"ind":0,"ty":"sh","ix":1,"ks":{"a":0,"k":{"i":[[0.188,3.541],[-0.195,26.887],[0.026,-3.541],[-1.423,-26.85]],"o":[[-1.423,-26.85],[0.025,-3.537],[-0.194,26.887],[0.187,3.519]],"v":[[3.673,40.296],[1.829,-40.296],[-3.667,-40.296],[-1.824,40.296]],"c":true},"ix":2},"nm":"Path 1","mn":"ADBE Vector Shape - Group","hd":false},{"ty":"fl","c":{"a":0,"k":[0.560999971278,0.611999990426,0.757000014361,1],"ix":4},"o":{"a":0,"k":100,"ix":5},"r":1,"bm":0,"nm":"Fill 1","mn":"ADBE Vector Graphic - Fill","hd":false},{"ty":"tr","p":{"a":0,"k":[127.76,150.886],"ix":2},"a":{"a":0,"k":[0,0],"ix":1},"s":{"a":0,"k":[100,100],"ix":3},"r":{"a":0,"k":0,"ix":6},"o":{"a":0,"k":100,"ix":7},"sk":{"a":0,"k":0,"ix":4},"sa":{"a":0,"k":0,"ix":5},"nm":"Transform"}],"nm":"Group 5","np":2,"cix":2,"bm":0,"ix":5,"mn":"ADBE Vector Group","hd":false},{"ty":"gr","it":[{"ind":0,"ty":"sh","ix":1,"ks":{"a":0,"k":{"i":[[0.81,3.446],[2,8.509],[-0.809,-3.447],[-1.998,-8.51]],"o":[[-2,-8.51],[-0.808,-3.443],[1.999,8.509],[0.809,3.441]],"v":[[5.648,12.035],[-0.35,-13.494],[-5.649,-12.033],[0.348,13.496]],"c":true},"ix":2},"nm":"Path 1","mn":"ADBE Vector Shape - Group","hd":false},{"ty":"fl","c":{"a":0,"k":[0.560999971278,0.611999990426,0.757000014361,1],"ix":4},"o":{"a":0,"k":100,"ix":5},"r":1,"bm":0,"nm":"Fill 1","mn":"ADBE Vector Graphic - Fill","hd":false},{"ty":"tr","p":{"a":0,"k":[131.336,399.964],"ix":2},"a":{"a":0,"k":[0,0],"ix":1},"s":{"a":0,"k":[100,100],"ix":3},"r":{"a":0,"k":0,"ix":6},"o":{"a":0,"k":100,"ix":7},"sk":{"a":0,"k":0,"ix":4},"sa":{"a":0,"k":0,"ix":5},"nm":"Transform"}],"nm":"Group 6","np":2,"cix":2,"bm":0,"ix":6,"mn":"ADBE Vector Group","hd":false},{"ty":"gr","it":[{"ind":0,"ty":"sh","ix":1,"ks":{"a":0,"k":{"i":[[-0.422,-3.509],[-7.445,-23.568],[1.07,3.386],[2.889,24.03]],"o":[[2.95,24.533],[1.06,3.36],[-7.289,-23.075],[-0.417,-3.468]],"v":[[-10.727,-35.945],[4.78,36.094],[10.079,34.633],[-5.231,-35.945]],"c":true},"ix":2},"nm":"Path 1","mn":"ADBE Vector Shape - Group","hd":false},{"ty":"fl","c":{"a":0,"k":[0.560999971278,0.611999990426,0.757000014361,1],"ix":4},"o":{"a":0,"k":100,"ix":5},"r":1,"bm":0,"nm":"Fill 1","mn":"ADBE Vector Graphic - Fill","hd":false},{"ty":"tr","p":{"a":0,"k":[388.519,245.527],"ix":2},"a":{"a":0,"k":[0,0],"ix":1},"s":{"a":0,"k":[100,100],"ix":3},"r":{"a":0,"k":0,"ix":6},"o":{"a":0,"k":100,"ix":7},"sk":{"a":0,"k":0,"ix":4},"sa":{"a":0,"k":0,"ix":5},"nm":"Transform"}],"nm":"Group 7","np":2,"cix":2,"bm":0,"ix":7,"mn":"ADBE Vector Group","hd":false},{"ty":"gr","it":[{"ind":0,"ty":"sh","ix":1,"ks":{"a":0,"k":{"i":[[0.237,-3.517],[2.384,-35.421],[-0.237,3.515],[-2.386,35.421]],"o":[[-2.385,35.421],[-0.239,3.53],[2.385,-35.421],[0.238,-3.531]],"v":[[0.83,-53.132],[-6.325,53.133],[-0.829,53.133],[6.326,-53.132]],"c":true},"ix":2},"nm":"Path 1","mn":"ADBE Vector Shape - Group","hd":false},{"ty":"fl","c":{"a":0,"k":[0.560999971278,0.611999990426,0.757000014361,1],"ix":4},"o":{"a":0,"k":100,"ix":5},"r":1,"bm":0,"nm":"Fill 1","mn":"ADBE Vector Graphic - Fill","hd":false},{"ty":"tr","p":{"a":0,"k":[409.645,216.807],"ix":2},"a":{"a":0,"k":[0,0],"ix":1},"s":{"a":0,"k":[100,100],"ix":3},"r":{"a":0,"k":0,"ix":6},"o":{"a":0,"k":100,"ix":7},"sk":{"a":0,"k":0,"ix":4},"sa":{"a":0,"k":0,"ix":5},"nm":"Transform"}],"nm":"Group 8","np":2,"cix":2,"bm":0,"ix":8,"mn":"ADBE Vector Group","hd":false},{"ty":"gr","it":[{"ind":0,"ty":"sh","ix":1,"ks":{"a":0,"k":{"i":[[16.819,-55.709],[1.794,-22.571],[-2.707,11.294],[21.389,74.326],[48.796,-18.125],[11.094,-35.577]],"o":[[-6.544,21.675],[-0.34,4.279],[18.033,-75.212],[-4.941,-17.169],[-19.431,7.217],[-16.8,53.878]],"v":[[-75.806,93.328],[-87.669,133.173],[69.975,172.854],[64.825,-56.555],[-4.998,-166.023],[-49.716,-78.039]],"c":true},"ix":2},"nm":"Path 1","mn":"ADBE Vector Shape - Group","hd":false},{"ty":"fl","c":{"a":0,"k":[0.677999997606,0.713999968884,0.875,1],"ix":4},"o":{"a":0,"k":100,"ix":5},"r":1,"bm":0,"nm":"Fill 1","mn":"ADBE Vector Graphic - Fill","hd":false},{"ty":"tr","p":{"a":0,"k":[117.852,253.444],"ix":2},"a":{"a":0,"k":[0,0],"ix":1},"s":{"a":0,"k":[100,100],"ix":3},"r":{"a":0,"k":0,"ix":6},"o":{"a":0,"k":100,"ix":7},"sk":{"a":0,"k":0,"ix":4},"sa":{"a":0,"k":0,"ix":5},"nm":"Transform"}],"nm":"Group 9","np":2,"cix":2,"bm":0,"ix":9,"mn":"ADBE Vector Group","hd":false},{"ty":"gr","it":[{"ind":0,"ty":"sh","ix":1,"ks":{"a":0,"k":{"i":[[0,0],[-4.137,-28.479],[29.786,-169.741],[-6.371,-11.834],[-16.885,-2.846],[-134.88,43.856],[13.394,57.618],[-2.972,45.339],[36.704,151.044],[38.264,9.539],[55.03,-11.281],[0,0]],"o":[[3.806,28.526],[28.657,197.301],[-2.323,13.238],[8.116,15.078],[139.858,23.574],[21.493,-55.112],[-10.287,-44.257],[10.167,-155.108],[-38.326,-13.32],[0,0],[-42.83,8.782],[-27.438,19.148]],"v":[[-261.308,-336.73],[-261.308,-123.853],[-221.844,338.059],[-220.268,377.548],[-176.299,400.327],[243.952,369.303],[213.401,198.252],[211.013,62.511],[161.673,-386.826],[47.842,-423.9],[-82.943,-361.408],[-205.808,-373.699]],"c":true},"ix":2},"nm":"Path 1","mn":"ADBE Vector Shape - Group","hd":false},{"ty":"fl","c":{"a":0,"k":[0.677999997606,0.713999968884,0.875,1],"ix":4},"o":{"a":0,"k":100,"ix":5},"r":1,"bm":0,"nm":"Fill 1","mn":"ADBE Vector Graphic - Fill","hd":false},{"ty":"tr","p":{"a":0,"k":[374.163,424.151],"ix":2},"a":{"a":0,"k":[0,0],"ix":1},"s":{"a":0,"k":[100,100],"ix":3},"r":{"a":0,"k":0,"ix":6},"o":{"a":0,"k":100,"ix":7},"sk":{"a":0,"k":0,"ix":4},"sa":{"a":0,"k":0,"ix":5},"nm":"Transform"}],"nm":"Group 10","np":2,"cix":2,"bm":0,"ix":10,"mn":"ADBE Vector Group","hd":false},{"ty":"gr","it":[{"ind":0,"ty":"sh","ix":1,"ks":{"a":0,"k":{"i":[[14.938,-81.402],[-18.984,18.054],[-4.777,40.79],[3.315,7.055],[4.598,-8.164]],"o":[[-2.493,13.586],[29.76,-28.301],[3.102,-26.477],[-3.984,-8.48],[-50.462,89.611]],"v":[[-113.762,118.232],[-21.191,200.253],[64.509,44.039],[112.94,-149.523],[-14.191,-210.143]],"c":true},"ix":2},"nm":"Path 1","mn":"ADBE Vector Shape - Group","hd":false},{"ty":"fl","c":{"a":0,"k":[0.74900004069,0.470999983245,0.33300000359,1],"ix":4},"o":{"a":0,"k":100,"ix":5},"r":1,"bm":0,"nm":"Fill 1","mn":"ADBE Vector Graphic - Fill","hd":false},{"ty":"tr","p":{"a":0,"k":[116.505,435.698],"ix":2},"a":{"a":0,"k":[0,0],"ix":1},"s":{"a":0,"k":[100,100],"ix":3},"r":{"a":0,"k":0,"ix":6},"o":{"a":0,"k":100,"ix":7},"sk":{"a":0,"k":0,"ix":4},"sa":{"a":0,"k":0,"ix":5},"nm":"Transform"}],"nm":"Group 11","np":2,"cix":2,"bm":0,"ix":11,"mn":"ADBE Vector Group","hd":false}],"ip":0,"op":300.00001221925,"st":0,"bm":0},{"ddd":0,"ind":8,"ty":4,"nm":"Layer 9 Outlines","sr":1,"ks":{"o":{"a":0,"k":100,"ix":11},"r":{"a":0,"k":0,"ix":10},"p":{"a":1,"k":[{"i":{"x":0.667,"y":1},"o":{"x":0.333,"y":0},"t":0,"s":[783.71,795.32,0],"to":[6.5,-5,0],"ti":[-6.5,-0.5,0]},{"i":{"x":0.667,"y":1},"o":{"x":0.333,"y":0},"t":30,"s":[822.71,765.32,0],"to":[6.5,0.5,0],"ti":[4.5,-8,0]},{"i":{"x":0.667,"y":1},"o":{"x":0.333,"y":0},"t":70,"s":[822.71,798.32,0],"to":[-4.5,8,0],"ti":[6.5,0.5,0]},{"i":{"x":0.667,"y":1},"o":{"x":0.333,"y":0},"t":107,"s":[795.71,813.32,0],"to":[-6.5,-0.5,0],"ti":[2,3,0]},{"t":136.000005539394,"s":[783.71,795.32,0]}],"ix":2},"a":{"a":0,"k":[481.169,612.665,0],"ix":1},"s":{"a":0,"k":[100,100,100],"ix":6}},"ao":0,"shapes":[{"ty":"gr","it":[{"ind":0,"ty":"sh","ix":1,"ks":{"a":0,"k":{"i":[[28.532,101.82],[55.84,53.725],[27.374,22.889],[13.453,36.645],[27.149,28.469],[65.107,19.116],[57.763,-35.605],[28.012,-45.004],[-2.961,-102.607],[-12.029,-111.991],[-75.607,-44.423],[-80.722,34.261],[-48.799,25.574],[-68.485,58.294],[-18.489,37.771]],"o":[[-20.925,-74.672],[-26.207,-25.213],[-30.874,-25.816],[-13.558,-36.929],[-46.828,-49.106],[-65.107,-19.116],[-45.126,27.816],[-102.552,164.76],[3.249,112.589],[9.364,87.189],[75.607,44.422],[50.714,-21.524],[79.659,-41.746],[32.023,-27.258],[46.487,-94.975]],"v":[[452.387,-29.005],[333.988,-226.003],[248.826,-290.052],[196.698,-386.697],[131.528,-484.082],[-37.491,-593.299],[-234.012,-572.213],[-378.367,-450.747],[-387.075,14.339],[-426.967,348.612],[-289.391,561.702],[-36.282,578.154],[106.501,495.23],[349.364,380.435],[424.198,279.971]],"c":true},"ix":2},"nm":"Path 1","mn":"ADBE Vector Shape - Group","hd":false},{"ty":"fl","c":{"a":0,"k":[0.905999995213,0.913999968884,0.948999980852,1],"ix":4},"o":{"a":0,"k":100,"ix":5},"r":1,"bm":0,"nm":"Fill 1","mn":"ADBE Vector Graphic - Fill","hd":false},{"ty":"tr","p":{"a":0,"k":[481.169,612.665],"ix":2},"a":{"a":0,"k":[0,0],"ix":1},"s":{"a":0,"k":[100,100],"ix":3},"r":{"a":0,"k":0,"ix":6},"o":{"a":0,"k":100,"ix":7},"sk":{"a":0,"k":0,"ix":4},"sa":{"a":0,"k":0,"ix":5},"nm":"Transform"}],"nm":"Group 1","np":2,"cix":2,"bm":0,"ix":1,"mn":"ADBE Vector Group","hd":false}],"ip":0,"op":300.00001221925,"st":0,"bm":0}],"markers":[]}