{
  "project_info": {
    "project_number": "393491499733",
    "project_id": "first-shot-mashy-testing",
    "storage_bucket": "first-shot-mashy-testing.appspot.com"
  },
  "client": [
    {
      "client_info": {
        "mobilesdk_app_id": "1:393491499733:android:995886fa04fbd6d4deb05c",
        "android_client_info": {
          "package_name": "com.masterz.mashy"
        }
      },
      "oauth_client": [],
      "api_key": [
        {
          "current_key": "AIzaSyA-8mhrtPhmlUy6JwuockcRuUn8eExJunY"
        }
      ],
      "services": {
        "appinvite_service": {
          "other_platform_oauth_client": []
        }
      }
    },
    {
      "client_info": {
        "mobilesdk_app_id": "1:393491499733:android:bbc2d51ffa49c981deb05c",
        "android_client_info": {
          "package_name": "com.masterz.rehlah"
        }
      },
      "oauth_client": [
        {
          "client_id": "393491499733-3b88sa82lsvvoj48rba3sqsm4uq50bd6.apps.googleusercontent.com",
          "client_type": 1,
          "android_info": {
            "package_name": "com.masterz.rehlah",
            "certificate_hash": "52ed74840286909d88c8741836233be85cbbfc0a"
          }
        }
      ],
      "api_key": [
        {
          "current_key": "AIzaSyA-8mhrtPhmlUy6JwuockcRuUn8eExJunY"
        }
      ],
      "services": {
        "appinvite_service": {
          "other_platform_oauth_client": []
        }
      }
    }
  ],
  "configuration_version": "1"
}